DNA_133_bins.29	{'GC std': 0.02176972084639125, '# genomes': 2258, 'Genome size': 2990846, 'Longest contig': 102698, 'GCN0': ['PF00471', 'PF06071', 'PF03652', 'TIGR00214', 'PF00253', 'TIGR00436', 'PF00584'], 'GCN1': ['PF01509', 'PF12169', 'PF00298', 'TIGR00095', 'PF00203', 'TIGR00409', 'PF00411', 'PF02075', 'PF02096', 'PF00189', 'PF01043', 'PF01281', 'PF01351', 'TIGR00392', 'PF00181', 'PF00312', 'TIGR00575', 'PF00366', 'PF00177', 'PF04977', 'PF01193', 'PF01765', 'PF01409', 'PF00830', 'PF05190', 'PF02130', 'TIGR01394', 'PF04560', 'PF03947', 'PF02491', 'TIGR01085', 'PF01782', 'PF02410', 'PF04563', 'TIGR00362', 'TIGR03723', 'TIGR03725', 'PF03719', 'TIGR01951', 'PF03485', 'PF07516', 'PF04998', 'PF00276', 'PF04561', 'PF06421', 'TIGR00593', 'TIGR00595', 'PF01250', 'PF01624', 'PF02576', 'PF00318', 'PF02033', 'PF01018', 'TIGR00615', 'PF00338', 'PF03147', 'PF04997', 'PF00380', 'PF01084', 'PF00334', 'PF02224', 'TIGR00344', 'PF12631', 'PF00252', 'TIGR00755', 'PF02768', 'PF04565', 'PF11987', 'PF02699', 'TIGR01750', 'PF03948', 'PF00347', 'PF00828', 'TIGR00020', 'PF00164', 'PF07497', 'TIGR03594', 'TIGR03598', 'PF07499', 'TIGR00922', 'TIGR02075', 'PF01000', 'PF01119', 'PF00572', 'PF00750', 'PF00238', 'PF01746', 'PF00627', 'PF00861', 'PF00466', 'TIGR01063', 'PF02527', 'PF01121', 'PF11967', 'PF00453', 'PF08459', 'PF01330', 'PF05491', 'PF02912', 'PF13932', 'PF01016', 'TIGR01302', 'PF01245', 'PF02091', 'TIGR03302', 'PF01795', 'PF00831', 'PF01386', 'TIGR00019', 'PF06418', 'PF00297', 'TIGR02432', 'TIGR00460', 'PF03946', 'TIGR03263', 'PF00542', 'PF01715', 'PF02565', 'TIGR00064', 'TIGR01499', 'PF00712', 'TIGR01079', 'PF01687', 'PF03726', 'PF01192', 'PF00673', 'PF02873', 'TIGR00329', 'PF00687', 'PF01649', 'PF01416', 'PF04760', 'PF00623', 'TIGR00445', 'TIGR00442', 'PF00889', 'PF03484', 'PF04983', 'PF01196', 'PF00281', 'TIGR00041', 'PF00562', 'TIGR01059', 'PF02367', 'PF01668', 'PF02575', 'PF13603', 'PF05000', 'PF00886', 'PF00333', 'PF00410', 'PF12344', 'PF08529', 'TIGR01133', 'TIGR00420', 'TIGR00422', 'PF00344', 'PF14450', 'PF01195', 'PF00163', 'PF00829', 'PF01783', 'PF02403', 'PF00237', 'PF00684', 'TIGR01145', 'TIGR01143', 'TIGR00435', 'PF13184', 'TIGR02393', 'PF10396', 'PF10385', 'PF02978', 'TIGR01087', 'PF00573', 'PF02092'], 'GCN2': ['PF00035', 'TIGR01083', 'PF05698', 'TIGR00186', 'PF05697'], 'marker lineage': 'k__Bacteria', 'GC': 0.4550093853043587, 'GCN4': [], '# scaffolds': 192, 'Completeness': 95.6255935422602, 'GCN3': [], 'GCN5+': [], '# contigs': 192, 'Translation table': 11, '# markers': 188, 'Coding density': 0.8896783719389096, 'Mean contig length': 15577.322916666666, '# marker sets': 117, 'N50 (contigs)': 27112, '1': 176, '0': 7, '3': 0, '2': 5, 'Longest scaffold': 102698, '4': 0, '5+': 0, 'Contamination': 3.4188034188034186, '# predicted genes': 2795, 'N50 (scaffolds)': 27112, '# ambiguous bases': 0, 'Mean scaffold length': 15577.322916666666}
DNA_133_bins.28	{'GC std': 0.018119917762746005, '# genomes': 732, 'Genome size': 1277760, 'Longest contig': 19074, 'GCN0': ['PF10410', 'TIGR00093', 'TIGR00096', 'PF00035', 'TIGR00392', 'PF02132', 'TIGR01162', 'TIGR03719', 'PF00177', 'TIGR00963', 'PF03461', 'TIGR01087', 'PF04563', 'PF01728', 'PF03719', 'PF04998', 'PF12627', 'PF04561', 'PF06421', 'TIGR00593', 'PF02033', 'PF04997', 'PF13167', 'PF10609', 'TIGR00755', 'TIGR01978', 'PF04565', 'PF11987', 'TIGR01994', 'PF00828', 'PF00164', 'TIGR01039', 'PF08207', 'PF02844', 'TIGR01510', 'PF00861', 'PF00466', 'TIGR02673', 'PF02912', 'PF09190', 'PF00162', 'TIGR00878', 'PF02601', 'PF02823', 'PF03119', 'PF00327', 'TIGR00690', 'PF00623', 'TIGR00442', 'PF03484', 'PF04983', 'PF00562', 'PF09269', 'PF01132', 'PF01715', 'PF01668', 'PF01071', 'PF13603', 'TIGR00186', 'PF00333', 'PF10385', 'PF12344', 'PF09285', 'PF13742', 'PF04560', 'PF00344', 'PF02620', 'PF08459', 'TIGR02397', 'PF02843'], 'GCN1': ['PF03602', 'PF01509', 'PF00707', 'PF00203', 'TIGR00409', 'TIGR00717', 'PF00411', 'PF02075', 'PF00213', 'PF00189', 'PF02410', 'PF01281', 'PF01351', 'PF00181', 'PF00312', 'TIGR00419', 'PF00366', 'PF03840', 'PF00308', 'TIGR00962', 'PF01193', 'PF01765', 'PF02130', 'PF01264', 'PF03947', 'PF01782', 'PF13507', 'TIGR01173', 'TIGR03723', 'TIGR03725', 'TIGR01951', 'PF06071', 'PF02357', 'PF00276', 'PF01250', 'PF00318', 'TIGR01966', 'PF01018', 'TIGR00611', 'PF00338', 'TIGR01980', 'PF00119', 'TIGR00344', 'TIGR01357', 'PF00252', 'PF08299', 'PF02631', 'PF05698', 'PF03948', 'PF00347', 'TIGR00020', 'TIGR03594', 'TIGR00741', 'TIGR00634', 'TIGR02075', 'PF01000', 'PF00572', 'PF00238', 'TIGR01203', 'PF02527', 'TIGR00329', 'PF11967', 'TIGR00482', 'PF00453', 'PF01330', 'PF05491', 'TIGR00132', 'PF01016', 'PF01245', 'PF01795', 'PF00831', 'TIGR00019', 'TIGR00010', 'PF00297', 'PF03652', 'PF03946', 'PF02565', 'TIGR00064', 'TIGR01079', 'PF01687', 'PF01632', 'PF03726', 'PF01121', 'TIGR00670', 'TIGR00855', 'PF00687', 'PF01649', 'PF00380', 'PF01416', 'TIGR01063', 'TIGR03631', 'PF00889', 'PF00231', 'PF02686', 'PF01196', 'PF00281', 'PF00673', 'PF02934', 'PF00625', 'TIGR01059', 'PF06574', 'PF00627', 'PF02367', 'PF00886', 'PF00410', 'TIGR00234', 'PF08529', 'TIGR01134', 'TIGR01128', 'TIGR01455', 'PF00829', 'PF02403', 'PF00237', 'PF00958', 'PF01807', 'TIGR00436', 'PF13184', 'PF01709', 'PF05697', 'PF00584', 'PF01725', 'PF02978', 'PF00573', 'TIGR02012'], 'GCN2': ['PF00298', 'PF02637', 'TIGR01394', 'PF02224', 'TIGR01499'], 'marker lineage': 'p__Actinobacteria', 'GC': 0.7139775857751064, 'GCN4': [], '# scaffolds': 273, 'Completeness': 61.956075533661746, 'GCN3': [], 'GCN5+': [], '# contigs': 273, 'Translation table': 11, '# markers': 199, 'Coding density': 0.934601959679439, 'Mean contig length': 4680.43956043956, '# marker sets': 116, 'N50 (contigs)': 4828, '1': 124, '0': 70, '3': 0, '2': 5, 'Longest scaffold': 19074, '4': 0, '5+': 0, 'Contamination': 2.7586206896551726, '# predicted genes': 1529, 'N50 (scaffolds)': 4828, '# ambiguous bases': 0, 'Mean scaffold length': 4680.43956043956}
DNA_133_bins.25	{'GC std': 0.01756648784040625, '# genomes': 488, 'Genome size': 2241956, 'Longest contig': 41735, 'GCN0': ['PF10410', 'PF00091', 'PF10150', 'TIGR00979', 'PF02132', 'PF02637', 'PF10369', 'PF01264', 'PF01782', 'PF06421', 'TIGR00355', 'PF10611', 'TIGR02727', 'TIGR01357', 'PF02699', 'TIGR00020', 'PF01171', 'TIGR01203', 'TIGR02673', 'TIGR01027', 'TIGR00132', 'PF01016', 'PF01939', 'TIGR00656', 'PF01018', 'PF11349', 'TIGR00121', 'PF11268', 'PF03054', 'PF11296', 'PF06781', 'PF03652', 'PF01472', 'PF03119', 'PF01192', 'PF09269', 'PF01649', 'PF02686', 'PF12327', 'PF02934', 'PF01668', 'PF00886', 'PF12089', 'PF10739', 'PF04127', 'PF00829', 'TIGR00945', 'PF02978'], 'GCN1': ['PF03602', 'PF01509', 'PF00707', 'PF00298', 'TIGR00093', 'TIGR00096', 'PF00203', 'PF02650', 'PF00035', 'PF11305', 'TIGR00717', 'TIGR01934', 'PF00742', 'PF00411', 'PF02075', 'PF00213', 'PF00189', 'PF01281', 'PF13393', 'PF01351', 'TIGR01826', 'TIGR00392', 'TIGR00154', 'PF00312', 'TIGR01162', 'TIGR01161', 'TIGR01366', 'TIGR00414', 'TIGR00419', 'TIGR03719', 'PF12005', 'PF00366', 'PF03840', 'PF00177', 'PF01189', 'PF00308', 'TIGR00962', 'TIGR00963', 'PF01193', 'PF01765', 'PF01409', 'PF03461', 'PF02130', 'TIGR00382', 'TIGR01394', 'PF04560', 'PF03947', 'TIGR01083', 'TIGR01087', 'PF13507', 'TIGR01173', 'TIGR01379', 'PF01728', 'TIGR03723', 'TIGR03725', 'PF02152', 'PF03719', 'TIGR01951', 'PF04998', 'PF12627', 'PF00276', 'PF03853', 'PF04561', 'PF01131', 'TIGR00593', 'PF00116', 'PF01250', 'PF02576', 'PF00318', 'PF02033', 'PF06144', 'PF11253', 'TIGR01966', 'PF13442', 'TIGR00611', 'PF02542', 'PF08148', 'PF00338', 'TIGR01981', 'TIGR01980', 'PF04997', 'PF00380', 'TIGR01574', 'PF02224', 'PF08704', 'PF02609', 'TIGR00343', 'TIGR00344', 'TIGR03317', 'PF00252', 'PF13167', 'PF08299', 'PF10609', 'TIGR00755', 'TIGR01978', 'PF04565', 'PF02631', 'PF11987', 'PF02410', 'PF10298', 'PF05698', 'TIGR01994', 'PF03948', 'PF00347', 'PF00988', 'TIGR00112', 'PF00828', 'PF02357', 'PF00164', 'PF01316', 'PF04417', 'TIGR03594', 'TIGR01039', 'TIGR00741', 'TIGR00639', 'TIGR00634', 'PF07499', 'PF08207', 'PF02844', 'TIGR02075', 'PF01000', 'PF00572', 'PF02021', 'PF00238', 'TIGR01510', 'PF01628', 'PF00861', 'PF00466', 'PF02527', 'PF01121', 'PF08029', 'PF11967', 'PF05173', 'PF00745', 'TIGR00643', 'TIGR00482', 'PF00453', 'PF03993', 'PF08459', 'PF01330', 'PF05491', 'PF02912', 'PF09190', 'PF13288', 'PF03449', 'PF00490', 'PF00162', 'PF02938', 'TIGR00007', 'PF11241', 'TIGR01304', 'PF04563', 'PF01450', 'PF01245', 'PF01795', 'TIGR00878', 'PF00831', 'PF01386', 'PF03710', 'TIGR00019', 'TIGR00010', 'PF02620', 'PF00297', 'PF02787', 'PF03946', 'PF02601', 'TIGR00416', 'PF06778', 'PF02823', 'PF01715', 'PF13368', 'PF02565', 'TIGR00064', 'TIGR01258', 'TIGR01499', 'PF00762', 'TIGR01079', 'PF01687', 'PF01632', 'TIGR00670', 'PF00327', 'TIGR00855', 'PF01208', 'TIGR00329', 'PF00119', 'PF00687', 'PF12502', 'PF02670', 'TIGR01063', 'PF00623', 'TIGR03631', 'PF05258', 'PF00889', 'PF04983', 'PF09142', 'PF00231', 'PF04452', 'PF00677', 'PF01196', 'PF00281', 'PF00673', 'PF01132', 'TIGR00049', 'TIGR01473', 'PF00562', 'PF11377', 'PF00625', 'TIGR03539', 'PF11452', 'TIGR01059', 'PF01288', 'PF06574', 'TIGR00539', 'PF00627', 'PF09438', 'PF02367', 'TIGR03188', 'PF00475', 'PF01071', 'PF13603', 'PF02591', 'TIGR00186', 'PF00333', 'PF10385', 'PF00410', 'PF12344', 'TIGR00239', 'TIGR00234', 'PF08529', 'TIGR01134', 'PF09285', 'PF13742', 'TIGR00735', 'PF00344', 'TIGR01455', 'PF00237', 'PF00958', 'PF08436', 'TIGR00436', 'PF13184', 'TIGR01855', 'TIGR02397', 'PF13829', 'PF01709', 'PF03118', 'PF05697', 'PF00584', 'PF02843', 'PF01725', 'PF00573', 'TIGR02012'], 'GCN2': ['PF00181', 'PF01502', 'PF06071', 'TIGR01198', 'TIGR02067', 'PF03726', 'PF01416', 'PF03484', 'PF05201', 'PF01743', 'TIGR01919'], 'marker lineage': 'o__Actinomycetales', 'GC': 0.6129344197655976, 'GCN4': [], '# scaffolds': 368, 'Completeness': 82.53539253539255, 'GCN3': [], 'GCN5+': [], '# contigs': 368, 'Translation table': 11, '# markers': 310, 'Coding density': 0.9154037813409363, 'Mean contig length': 6092.271739130435, '# marker sets': 185, 'N50 (contigs)': 6881, '1': 251, '0': 48, '3': 0, '2': 11, 'Longest scaffold': 41735, '4': 0, '5+': 0, 'Contamination': 3.918918918918919, '# predicted genes': 2372, 'N50 (scaffolds)': 6881, '# ambiguous bases': 0, 'Mean scaffold length': 6092.271739130435}
DNA_133_bins.24	{'GC std': 0.013508409743077448, '# genomes': 2993, 'Genome size': 2647960, 'Longest contig': 229467, 'GCN0': ['PF00471', 'PF00177', 'PF04560', 'PF04998', 'PF04997', 'PF04565', 'PF00164', 'PF02873', 'PF00623', 'PF04983', 'PF00562', 'PF00830', 'PF13603', 'PF05000', 'PF10385'], 'GCN1': ['PF01509', 'PF00298', 'PF00203', 'PF00035', 'PF00411', 'PF02075', 'PF02096', 'PF00189', 'PF02410', 'PF01043', 'PF01281', 'TIGR00392', 'PF00312', 'TIGR00575', 'TIGR00418', 'PF00366', 'PF01193', 'PF01765', 'PF01409', 'PF02130', 'PF03947', 'TIGR01085', 'TIGR01087', 'TIGR03723', 'PF03719', 'TIGR01951', 'PF03485', 'PF07516', 'PF06071', 'PF00276', 'PF12631', 'PF06421', 'TIGR00593', 'TIGR00595', 'PF01250', 'PF00318', 'PF02033', 'PF01018', 'TIGR00615', 'PF00338', 'PF03147', 'PF01084', 'TIGR00344', 'PF04561', 'PF00252', 'TIGR00755', 'PF02768', 'PF11987', 'PF02699', 'PF03948', 'PF00347', 'PF00828', 'TIGR00020', 'PF07497', 'TIGR03594', 'TIGR00922', 'TIGR02075', 'PF01000', 'PF00572', 'PF00750', 'PF00238', 'PF01746', 'PF00861', 'PF00466', 'PF01121', 'TIGR00329', 'PF00181', 'PF00453', 'PF08459', 'PF01330', 'PF05491', 'PF02912', 'PF13932', 'PF02938', 'PF01016', 'PF04563', 'PF01245', 'PF01795', 'PF00831', 'PF01386', 'TIGR00019', 'PF06418', 'PF01195', 'PF00297', 'TIGR02432', 'TIGR00460', 'PF03946', 'TIGR03263', 'PF00542', 'TIGR00064', 'TIGR01079', 'PF03726', 'TIGR02350', 'PF00687', 'PF01649', 'PF00380', 'TIGR01063', 'PF04760', 'TIGR00445', 'TIGR00442', 'PF00889', 'PF00253', 'PF03484', 'PF01196', 'PF00281', 'PF00673', 'PF00416', 'PF00627', 'TIGR02397', 'PF02367', 'PF01668', 'TIGR01059', 'PF00886', 'PF00333', 'PF00410', 'PF12344', 'PF08529', 'TIGR01133', 'TIGR00422', 'PF00344', 'PF00163', 'PF00829', 'PF02403', 'PF00237', 'PF00684', 'TIGR00435', 'PF13184', 'PF10396', 'PF05697', 'PF02978', 'PF00573', 'TIGR02012'], 'GCN2': [], 'marker lineage': 'k__Bacteria', 'GC': 0.48713877853139775, 'GCN4': [], '# scaffolds': 68, 'Completeness': 93.60639360639361, 'GCN3': [], 'GCN5+': [], '# contigs': 68, 'Translation table': 11, '# markers': 147, 'Coding density': 0.9244305049925226, 'Mean contig length': 38940.58823529412, '# marker sets': 91, 'N50 (contigs)': 62344, '1': 132, '0': 15, '3': 0, '2': 0, 'Longest scaffold': 229467, '4': 0, '5+': 0, 'Contamination': 0.0, '# predicted genes': 2342, 'N50 (scaffolds)': 62344, '# ambiguous bases': 0, 'Mean scaffold length': 38940.58823529412}
DNA_133_bins.27	{'GC std': 0.028466178288579773, '# genomes': 2258, 'Genome size': 806179, 'Longest contig': 11208, 'GCN0': ['PF13932', 'TIGR00445', 'TIGR00442', 'PF12169', 'PF00298', 'PF00889', 'PF00542', 'PF04977', 'PF03484', 'PF04983', 'TIGR03263', 'PF01016', 'PF02224', 'PF00338', 'PF00035', 'PF01196', 'PF00281', 'TIGR00409', 'PF03147', 'PF04997', 'PF00380', 'PF01245', 'PF00471', 'PF02075', 'PF02096', 'PF00189', 'TIGR01059', 'TIGR03302', 'TIGR00344', 'PF01043', 'PF01624', 'PF00831', 'PF00252', 'TIGR00755', 'PF01351', 'TIGR00392', 'PF00830', 'PF02575', 'PF05190', 'PF06418', 'PF00572', 'PF00312', 'PF02699', 'PF01649', 'TIGR01750', 'TIGR00575', 'PF03948', 'PF13603', 'PF00347', 'PF05000', 'PF00297', 'PF11967', 'PF00750', 'PF00366', 'TIGR02432', 'TIGR00460', 'PF03652', 'PF03946', 'TIGR00095', 'TIGR00020', 'PF00410', 'PF12344', 'PF00164', 'PF07497', 'PF01193', 'PF01765', 'PF01715', 'PF02768', 'TIGR01133', 'PF02565', 'TIGR00420', 'TIGR00422', 'TIGR00064', 'PF04560', 'PF03947', 'TIGR01499', 'TIGR01083', 'TIGR01087', 'PF01782', 'PF02410', 'PF00712', 'TIGR02075', 'PF01000', 'TIGR00362', 'PF01119', 'TIGR00593', 'TIGR01079', 'PF01687', 'TIGR03723', 'PF00238', 'PF03726', 'PF00203', 'PF01746', 'PF00627', 'PF00829', 'PF08459', 'PF01192', 'TIGR01951', 'PF00861', 'PF00673', 'PF03485', 'PF07516', 'PF02403', 'PF07499', 'TIGR01063', 'PF01121', 'PF00237', 'TIGR01085', 'PF02873', 'PF00684', 'TIGR00329', 'PF00318', 'TIGR01143', 'PF00276', 'TIGR00438', 'TIGR00436', 'TIGR00435', 'PF13184', 'PF12631', 'TIGR00922', 'PF00886', 'PF00687', 'PF10396', 'PF06421', 'PF02938', 'PF00253', 'PF01416', 'TIGR00595', 'PF00453', 'PF00466', 'TIGR00214', 'PF00584', 'PF01330', 'PF04760', 'PF02576', 'PF01783', 'PF05491', 'PF02978', 'PF00623', 'PF00181', 'PF00573', 'PF08529', 'PF02092'], 'GCN1': ['PF01509', 'PF01018', 'PF01386', 'TIGR00615', 'PF00562', 'TIGR01302', 'PF04563', 'PF02091', 'PF01084', 'PF00334', 'PF00411', 'PF02033', 'PF01795', 'PF04561', 'PF01281', 'PF11987', 'TIGR03594', 'PF04565', 'PF01668', 'PF05698', 'TIGR00041', 'PF03719', 'TIGR00186', 'PF01409', 'TIGR03598', 'PF02130', 'TIGR01394', 'PF02491', 'TIGR03725', 'PF00344', 'PF01195', 'PF00163', 'PF00828', 'PF14450', 'PF00177', 'PF02527', 'PF04998', 'PF06071', 'TIGR01145', 'TIGR00019', 'TIGR02393', 'PF10385', 'PF05697', 'PF01250', 'PF00333', 'PF02912', 'PF02367'], 'GCN2': [], 'marker lineage': 'k__Bacteria', 'GC': 0.4732274097936066, 'GCN4': [], '# scaffolds': 220, 'Completeness': 24.870448179271705, 'GCN3': [], 'GCN5+': [], '# contigs': 220, 'Translation table': 11, '# markers': 190, 'Coding density': 0.9117268001275151, 'Mean contig length': 3664.45, '# marker sets': 119, 'N50 (contigs)': 3599, '1': 47, '0': 143, '3': 0, '2': 0, 'Longest scaffold': 11208, '4': 0, '5+': 0, 'Contamination': 0.0, '# predicted genes': 891, 'N50 (scaffolds)': 3599, '# ambiguous bases': 0, 'Mean scaffold length': 3664.45}
DNA_133_bins.26	{'GC std': 0.023819462445662964, '# genomes': 5449, 'Genome size': 214044, 'Longest contig': 4191, 'GCN0': ['PF01509', 'PF00298', 'PF01018', 'PF00889', 'PF03484', 'PF04983', 'PF01016', 'PF00562', 'PF00338', 'PF04563', 'PF01196', 'PF00281', 'PF00673', 'PF04997', 'PF00380', 'PF01245', 'PF10385', 'PF00411', 'PF00189', 'TIGR00344', 'PF01795', 'PF01281', 'PF00416', 'PF00831', 'PF00252', 'TIGR00459', 'TIGR00755', 'TIGR00392', 'PF04565', 'PF02367', 'PF01668', 'PF00181', 'PF11987', 'PF00312', 'PF13603', 'PF03948', 'PF05000', 'PF00297', 'PF00366', 'TIGR02432', 'TIGR00460', 'PF00177', 'PF00828', 'PF03946', 'PF00886', 'TIGR03263', 'PF00410', 'PF12344', 'PF00164', 'TIGR00967', 'PF01193', 'PF01765', 'PF01409', 'PF08529', 'PF02130', 'PF03947', 'PF04560', 'TIGR00922', 'TIGR02075', 'PF01000', 'TIGR00810', 'TIGR01079', 'PF01632', 'TIGR03723', 'PF00238', 'PF00203', 'PF01121', 'PF01746', 'PF00572', 'PF00829', 'PF00466', 'PF00237', 'PF04998', 'PF06071', 'TIGR00855', 'TIGR00329', 'TIGR00084', 'TIGR00250', 'PF00276', 'PF13184', 'PF04561', 'TIGR00019', 'PF00687', 'PF01649', 'PF06421', 'PF05697', 'PF00453', 'PF01250', 'PF08459', 'PF00318', 'PF05491', 'PF02978', 'PF02912', 'PF00623', 'PF02033', 'PF00573'], 'GCN1': ['PF00162', 'TIGR00615', 'PF00347', 'PF00333', 'TIGR03594', 'PF01195', 'PF03719', 'PF00861'], 'GCN2': [], 'marker lineage': 'k__Bacteria', 'GC': 0.652837734297621, 'GCN4': [], '# scaffolds': 71, 'Completeness': 7.523510971786833, 'GCN3': [], 'GCN5+': [], '# contigs': 71, 'Translation table': 11, '# markers': 104, 'Coding density': 0.9320700416736746, 'Mean contig length': 3014.7042253521126, '# marker sets': 58, 'N50 (contigs)': 2895, '1': 8, '0': 96, '3': 0, '2': 0, 'Longest scaffold': 4191, '4': 0, '5+': 0, 'Contamination': 0.0, '# predicted genes': 261, 'N50 (scaffolds)': 2895, '# ambiguous bases': 0, 'Mean scaffold length': 3014.7042253521126}
DNA_133_bins.21	{'GC std': 0.02076074097592157, '# genomes': 901, 'Genome size': 3599438, 'Longest contig': 67925, 'GCN0': ['TIGR00442', 'PF00298', 'PF01196', 'PF00281', 'PF04561', 'PF00411', 'PF00189', 'TIGR01059', 'TIGR00878', 'PF00831', 'PF00252', 'PF02367', 'PF01071', 'PF05698', 'TIGR01162', 'PF00347', 'PF00988', 'PF00366', 'PF03840', 'PF03946', 'PF02357', 'PF00410', 'PF01193', 'TIGR01134', 'TIGR00741', 'PF02844', 'PF01000', 'TIGR01173', 'TIGR01079', 'TIGR03723', 'TIGR03725', 'PF00203', 'PF00828', 'PF00861', 'PF00673', 'PF02403', 'PF02527', 'PF00237', 'TIGR00329', 'PF00238', 'PF05697', 'PF03719', 'PF01416', 'PF02843', 'PF00584', 'PF00333', 'PF01807', 'TIGR03631'], 'GCN1': ['TIGR00132', 'PF01632', 'PF01018', 'PF00562', 'PF00338', 'PF02686', 'PF12327', 'TIGR01980', 'PF00091', 'PF04997', 'TIGR00963', 'PF01132', 'PF01245', 'PF01808', 'PF00625', 'TIGR00344', 'TIGR00539', 'PF11987', 'PF13167', 'PF08299', 'TIGR00611', 'TIGR00392', 'PF04565', 'PF00572', 'PF08478', 'PF00297', 'PF13603', 'TIGR00020', 'PF10385', 'PF12344', 'TIGR00234', 'PF00164', 'PF01765', 'PF01715', 'TIGR03594', 'PF08529', 'PF02565', 'PF02130', 'TIGR00634', 'PF03947', 'PF04560', 'TIGR01087', 'PF01782', 'PF02410', 'PF08207', 'PF00623', 'PF09285', 'PF13507', 'TIGR02075', 'PF03119', 'TIGR00419', 'PF01250', 'PF00344', 'TIGR00670', 'TIGR01455', 'TIGR01951', 'PF00177', 'PF00466', 'PF01121', 'PF00707', 'PF04998', 'TIGR00855', 'PF00276', 'PF00886', 'PF00687', 'PF01649', 'PF06421', 'PF00380', 'PF11967', 'PF00453', 'PF08459', 'PF05491', 'PF02978', 'PF00181', 'PF00573', 'PF09190', 'TIGR02012'], 'GCN2': ['PF01509', 'PF00162', 'PF03484', 'PF01016', 'PF04563', 'PF02224', 'PF02934', 'PF02075', 'PF02033', 'PF01795', 'PF06574', 'PF01281', 'PF01351', 'TIGR01978', 'PF00312', 'PF03948', 'PF01709', 'TIGR00186', 'PF03461', 'TIGR00064', 'TIGR01394', 'PF01264', 'TIGR00593', 'PF01687', 'PF03726', 'PF00829', 'PF10609', 'PF00958', 'TIGR00250', 'PF13184', 'TIGR00019', 'PF01330', 'PF02912'], 'marker lineage': 'k__Bacteria', 'GC': 0.6620152923873116, 'GCN4': ['PF03602', 'TIGR01510'], '# scaffolds': 674, 'Completeness': 80.80635413968747, 'GCN3': ['PF00889', 'TIGR00096', 'TIGR00755', 'TIGR00010', 'PF01668', 'PF02132', 'PF00627', 'PF06071', 'PF00318', 'TIGR00436', 'PF12627'], 'GCN5+': [], '# contigs': 674, 'Translation table': 11, '# markers': 171, 'Coding density': 0.9286057990164021, 'Mean contig length': 5340.412462908012, '# marker sets': 117, 'N50 (contigs)': 5480, '1': 77, '0': 48, '3': 11, '2': 33, 'Longest scaffold': 67925, '4': 2, '5+': 0, 'Contamination': 44.53941120607787, '# predicted genes': 3962, 'N50 (scaffolds)': 5480, '# ambiguous bases': 0, 'Mean scaffold length': 5340.412462908012}
DNA_133_bins.20	{'GC std': 0.024283373712821, '# genomes': 148, 'Genome size': 2075201, 'Longest contig': 120592, 'GCN0': ['TIGR00134', 'PF01509', 'PF03684', 'TIGR03683', 'PF00276', 'PF01973', 'PF01287', 'PF01948', 'PF08068', 'PF06026', 'PF13685', 'TIGR02338', 'PF01849', 'PF00189', 'TIGR00344', 'TIGR00878', 'TIGR00537', 'PF01092', 'TIGR00392', 'TIGR01162', 'PF03946', 'TIGR01211', 'PF05670', 'TIGR00522', 'TIGR00422', 'PF03947', 'TIGR00162', 'PF01940', 'PF02649', 'TIGR01177', 'PF01981', 'PF01984', 'TIGR01736', 'TIGR00670', 'PF09249', 'PF00237', 'TIGR02237', 'TIGR00327', 'PF00203', 'PF01866', 'TIGR03679', 'TIGR03677', 'PF02748', 'PF00181', 'PF00573'], 'GCN1': ['PF03439', 'TIGR00442', 'PF00298', 'PF08617', 'PF03484', 'TIGR03685', 'PF00679', 'PF01282', 'PF00832', 'PF04563', 'TIGR01018', 'PF02005', 'PF00281', 'PF00380', 'TIGR00658', 'PF04561', 'PF00411', 'PF01864', 'TIGR02153', 'PF00709', 'PF00416', 'PF00831', 'PF01090', 'PF11987', 'PF00252', 'TIGR00755', 'PF04565', 'PF00900', 'PF04919', 'PF00673', 'PF13656', 'PF06418', 'PF00572', 'PF00687', 'PF01994', 'PF00312', 'PF05221', 'PF00347', 'PF00297', 'TIGR00419', 'TIGR00057', 'PF01191', 'TIGR00111', 'PF03719', 'TIGR00468', 'PF01982', 'PF01868', 'TIGR01210', 'TIGR01213', 'PF00410', 'PF00736', 'TIGR00234', 'TIGR00335', 'TIGR00336', 'TIGR01046', 'PF01193', 'PF01280', 'TIGR01134', 'PF01200', 'PF00366', 'PF04010', 'TIGR01080', 'PF02844', 'PF01655', 'PF13507', 'TIGR02076', 'PF01416', 'PF01000', 'TIGR00549', 'PF00827', 'PF01246', 'PF01174', 'PF03764', 'PF01967', 'PF08069', 'PF01192', 'PF00861', 'PF08071', 'PF09173', 'PF03874', 'PF00466', 'PF00327', 'PF01667', 'PF01194', 'TIGR00432', 'PF00958', 'PF01157', 'PF06093', 'PF07541', 'PF00752', 'PF00935', 'PF01180', 'PF04032', 'PF01725', 'PF00333', 'PF00238', 'PF01269', 'PF01798', 'PF03876', 'PF02978', 'PF00867'], 'GCN2': ['PF00177', 'PF00562', 'PF04019', 'PF04983', 'PF01198', 'TIGR00408', 'PF04997', 'TIGR03665', 'TIGR02389', 'PF00623', 'PF00334', 'PF04104', 'PF03950', 'PF01201', 'PF01015', 'PF00750', 'PF04566', 'PF01780', 'TIGR00289', 'PF00164', 'PF01922', 'PF04472', 'PF00318', 'TIGR00064', 'PF03833', 'PF04560', 'TIGR00928', 'PF09377', 'PF04127', 'PF01172', 'PF05746', 'TIGR00329', 'PF04567', 'PF00749', 'PF05000', 'PF01912', 'TIGR03724', 'TIGR00729'], 'marker lineage': 'p__Euryarchaeota', 'GC': 0.4499202727832147, 'GCN4': [], '# scaffolds': 369, 'Completeness': 72.98245614035089, 'GCN3': ['TIGR03684', 'TIGR00270', 'TIGR00389', 'PF01974'], 'GCN5+': [], '# contigs': 369, 'Translation table': 11, '# markers': 188, 'Coding density': 0.9486555760140825, 'Mean contig length': 5623.8509485094855, '# marker sets': 125, 'N50 (contigs)': 5855, '1': 101, '0': 45, '3': 4, '2': 38, 'Longest scaffold': 120592, '4': 0, '5+': 0, 'Contamination': 25.22051282051282, '# predicted genes': 2044, 'N50 (scaffolds)': 5855, '# ambiguous bases': 0, 'Mean scaffold length': 5623.8509485094855}
DNA_133_bins.23	{'GC std': 0.029872526313303137, '# genomes': 2258, 'Genome size': 1324664, 'Longest contig': 10161, 'GCN0': ['PF13932', 'TIGR00442', 'PF12169', 'PF01018', 'PF00889', 'PF04977', 'TIGR00615', 'TIGR03263', 'PF00338', 'PF00281', 'TIGR00409', 'PF00380', 'PF01245', 'PF02091', 'PF00334', 'PF02096', 'PF00189', 'TIGR01059', 'TIGR03302', 'PF01795', 'PF01043', 'PF01624', 'PF00831', 'PF00252', 'TIGR00755', 'TIGR03594', 'TIGR00392', 'PF01668', 'PF02575', 'PF05190', 'PF00572', 'PF02699', 'PF01649', 'PF00347', 'PF00297', 'PF11967', 'PF00750', 'PF00366', 'TIGR00041', 'TIGR02432', 'TIGR00460', 'PF03652', 'PF03719', 'TIGR00095', 'TIGR00020', 'PF00410', 'PF12344', 'PF01409', 'PF02768', 'TIGR01133', 'PF02565', 'TIGR00422', 'PF02130', 'TIGR00064', 'PF03947', 'TIGR01499', 'TIGR01087', 'PF01782', 'PF02410', 'PF00712', 'TIGR00362', 'PF01119', 'TIGR00593', 'TIGR01079', 'PF01687', 'TIGR03723', 'PF00238', 'PF03726', 'PF00203', 'PF01746', 'PF08459', 'PF00861', 'PF00673', 'PF03485', 'PF07516', 'PF02403', 'PF07499', 'TIGR01063', 'PF02527', 'PF00237', 'TIGR01085', 'PF02873', 'TIGR00329', 'TIGR01145', 'TIGR01143', 'PF00276', 'TIGR00019', 'TIGR00922', 'PF00886', 'PF10396', 'PF02938', 'PF00253', 'TIGR00214', 'PF00584', 'PF00333', 'PF01783', 'PF05491', 'PF02978', 'PF02912', 'PF00181', 'PF00573', 'PF02092'], 'GCN1': ['TIGR00445', 'PF01509', 'PF00298', 'PF00542', 'PF01386', 'PF00562', 'PF03484', 'PF04983', 'PF01016', 'TIGR01302', 'PF02224', 'PF00035', 'PF04563', 'PF01196', 'PF03147', 'PF04997', 'PF00471', 'PF01084', 'PF00411', 'PF02075', 'PF02033', 'TIGR00344', 'PF04561', 'PF01281', 'PF11987', 'PF01351', 'PF04565', 'PF00830', 'PF06418', 'PF00312', 'TIGR01750', 'TIGR00575', 'PF05698', 'PF03948', 'PF13603', 'PF05000', 'PF03946', 'TIGR00186', 'PF00164', 'PF07497', 'PF01765', 'PF01715', 'TIGR03598', 'TIGR00420', 'TIGR01394', 'PF04560', 'PF02491', 'TIGR01083', 'TIGR02075', 'TIGR03725', 'PF00344', 'PF01195', 'PF00163', 'PF00627', 'PF00828', 'PF00829', 'PF01192', 'TIGR01951', 'PF14450', 'PF00177', 'PF01121', 'PF04998', 'PF06071', 'PF00684', 'PF00318', 'TIGR00438', 'TIGR00436', 'TIGR00435', 'PF13184', 'PF12631', 'TIGR02393', 'PF00687', 'PF10385', 'PF06421', 'PF05697', 'PF01416', 'TIGR00595', 'PF00453', 'PF01250', 'PF00466', 'PF01330', 'PF02576', 'PF00623', 'PF08529', 'PF02367'], 'GCN2': ['PF01193', 'PF01000', 'PF04760'], 'marker lineage': 'k__Bacteria', 'GC': 0.479317774167638, 'GCN4': [], '# scaffolds': 340, 'Completeness': 43.49906629318394, 'GCN3': [], 'GCN5+': [], '# contigs': 340, 'Translation table': 11, '# markers': 190, 'Coding density': 0.9264153022955255, 'Mean contig length': 3896.070588235294, '# marker sets': 119, 'N50 (contigs)': 3913, '1': 85, '0': 102, '3': 0, '2': 3, 'Longest scaffold': 10161, '4': 0, '5+': 0, 'Contamination': 0.27310924369747897, '# predicted genes': 1529, 'N50 (scaffolds)': 3913, '# ambiguous bases': 0, 'Mean scaffold length': 3896.070588235294}
DNA_133_bins.22	{'GC std': 0.016152008612401635, '# genomes': 207, 'Genome size': 2518782, 'Longest contig': 25908, 'GCN0': ['PF04019', 'PF04983', 'PF00832', 'PF00281', 'PF00673', 'PF04997', 'PF01866', 'PF00252', 'PF01092', 'PF00181', 'PF05000', 'PF01191', 'PF00410', 'PF00736', 'PF04560', 'TIGR00064', 'PF03947', 'PF01981', 'PF09173', 'TIGR00329', 'TIGR00432', 'PF01198', 'PF07541', 'PF00623'], 'GCN1': ['TIGR00134', 'PF03484', 'PF00679', 'PF01287', 'PF04563', 'TIGR00549', 'TIGR01018', 'PF02005', 'PF08068', 'PF13685', 'TIGR03665', 'TIGR02389', 'PF00562', 'PF00411', 'TIGR02153', 'PF01090', 'PF01351', 'PF04567', 'PF04565', 'PF00900', 'PF01015', 'PF11987', 'PF00347', 'PF00297', 'PF04566', 'PF00366', 'TIGR00057', 'PF03719', 'TIGR00468', 'TIGR01213', 'PF00164', 'TIGR00336', 'PF01193', 'TIGR00425', 'TIGR00422', 'TIGR00389', 'TIGR01080', 'PF09377', 'PF01246', 'TIGR02076', 'PF01000', 'PF00238', 'TIGR03724', 'TIGR00670', 'PF01269', 'PF03764', 'PF04127', 'PF01172', 'PF00861', 'PF08071', 'PF03874', 'PF09249', 'PF00237', 'PF00958', 'PF01667', 'PF13656', 'TIGR03679', 'PF01912', 'TIGR03677', 'PF04561', 'PF01157', 'TIGR00289', 'PF00935', 'PF01725', 'PF00333', 'PF00318'], 'GCN2': ['TIGR00442', 'PF00298', 'TIGR03683', 'TIGR00408', 'PF06026', 'PF00380', 'TIGR02338', 'PF00189', 'TIGR00344', 'PF00416', 'PF00831', 'PF01201', 'TIGR00392', 'PF04919', 'PF00312', 'TIGR03685', 'PF01780', 'PF00177', 'PF01982', 'PF01868', 'TIGR01046', 'PF01798', 'PF01922', 'PF01200', 'PF00572', 'PF01984', 'PF08069', 'PF00203', 'PF00327', 'PF00833', 'PF00398', 'PF01194', 'PF00276', 'PF03876', 'PF02978', 'PF00573'], 'marker lineage': 'k__Archaea', 'GC': 0.33844612197482754, 'GCN4': ['PF01849', 'PF01280', 'PF04010', 'PF01655', 'PF00750', 'PF00827'], '# scaffolds': 537, 'Completeness': 84.50336071695295, 'GCN3': ['PF03439', 'PF05221', 'PF03950', 'PF06418', 'TIGR00419', 'TIGR00522', 'PF01192', 'PF05746', 'PF00466', 'PF00749', 'PF00687', 'PF00752', 'PF00867'], 'GCN5+': [], '# contigs': 537, 'Translation table': 11, '# markers': 145, 'Coding density': 0.9196016169720127, 'Mean contig length': 4690.469273743017, '# marker sets': 103, 'N50 (contigs)': 4871, '1': 66, '0': 24, '3': 13, '2': 36, 'Longest scaffold': 25908, '4': 6, '5+': 0, 'Contamination': 57.03883495145631, '# predicted genes': 3483, 'N50 (scaffolds)': 4871, '# ambiguous bases': 0, 'Mean scaffold length': 4690.469273743017}
DNA_133_bins.32	{'GC std': 0.0344029087824821, '# genomes': 84, 'Genome size': 2415425, 'Longest contig': 39304, 'GCN0': ['PF13779', 'PF00707', 'TIGR02945', 'PF06676', 'TIGR00406', 'TIGR01933', 'PF02075', 'TIGR00977', 'TIGR00973', 'TIGR00972', 'TIGR00392', 'TIGR01388', 'PF00438', 'TIGR01365', 'TIGR00418', 'PF02643', 'PF00830', 'PF02637', 'PF01726', 'TIGR00560', 'TIGR02639', 'PF02772', 'TIGR01958', 'PF07516', 'PF00290', 'PF06071', 'PF02618', 'TIGR02281', 'TIGR01347', 'PF03411', 'PF06213', 'TIGR00763', 'PF01018', 'PF00773', 'PF00338', 'TIGR01574', 'PF00334', 'PF05198', 'PF12631', 'PF13491', 'TIGR00020', 'TIGR01216', 'PF09326', 'PF07497', 'TIGR03594', 'PF07499', 'PF03702', 'PF02844', 'TIGR02070', 'PF00572', 'PF04279', 'TIGR01331', 'PF01474', 'PF06073', 'PF04364', 'PF12556', 'PF01330', 'PF05491', 'PF02657', 'PF02390', 'TIGR02420', 'TIGR00653', 'PF05430', 'PF04102', 'PF01795', 'TIGR01318', 'TIGR01317', 'PF00764', 'PF00297', 'TIGR02786', 'TIGR01798', 'PF00478', 'TIGR00067', 'TIGR00670', 'TIGR01816', 'TIGR01812', 'PF05958', 'PF10458', 'PF00380', 'TIGR00503', 'TIGR00639', 'TIGR02204', 'PF02934', 'TIGR03534', 'TIGR01055', 'PF10590', 'TIGR00536', 'TIGR01125', 'TIGR03346', 'PF01071', 'PF10396', 'TIGR01063', 'PF02381', 'PF00163', 'PF00958', 'PF02628', 'PF13763', 'PF11233', 'PF04551', 'TIGR02393', 'PF06559', 'PF02843', 'PF07310', 'PF13464', 'PF02978'], 'GCN1': ['PF03602', 'PF01509', 'PF00298', 'TIGR00096', 'PF00035', 'TIGR00409', 'PF00091', 'PF06689', 'PF00471', 'TIGR00717', 'PF04430', 'TIGR01932', 'PF00742', 'PF00411', 'PF07219', 'PF00189', 'PF07991', 'TIGR00979', 'PF00709', 'PF01281', 'TIGR01717', 'PF03186', 'PF01351', 'TIGR00390', 'TIGR01091', 'PF00181', 'PF00312', 'PF04561', 'PF03969', 'PF02132', 'TIGR01162', 'TIGR00416', 'PF10984', 'TIGR03719', 'PF00366', 'PF03840', 'PF02391', 'PF04355', 'TIGR00707', 'PF00177', 'TIGR03002', 'PF04340', 'PF08482', 'PF04977', 'TIGR00965', 'TIGR00966', 'PF01193', 'PF01765', 'PF01409', 'PF03461', 'TIGR01763', 'PF05188', 'PF10369', 'PF02130', 'TIGR01394', 'PF04560', 'PF01264', 'PF03947', 'PF02491', 'PF03979', 'TIGR01083', 'TIGR01084', 'TIGR01085', 'TIGR00118', 'PF13507', 'TIGR00362', 'TIGR00360', 'TIGR00365', 'PF01728', 'TIGR03723', 'PF08275', 'TIGR03725', 'PF00203', 'PF04608', 'PF03309', 'PF09835', 'PF03719', 'TIGR01959', 'TIGR01951', 'PF02700', 'PF05192', 'PF03485', 'PF04998', 'PF01761', 'PF04376', 'PF00276', 'TIGR01410', 'PF04386', 'PF04380', 'PF05071', 'TIGR00595', 'PF01702', 'PF01250', 'TIGR01189', 'PF01624', 'PF02576', 'PF00318', 'PF02033', 'TIGR00761', 'PF12627', 'TIGR01961', 'TIGR01966', 'PF04898', 'PF01386', 'PF03481', 'TIGR01749', 'TIGR01980', 'TIGR01982', 'PF05128', 'PF03147', 'PF04997', 'PF06026', 'TIGR01579', 'PF02646', 'PF01084', 'PF02224', 'PF01619', 'PF02609', 'TIGR01191', 'TIGR00344', 'TIGR01198', 'PF03477', 'TIGR01356', 'PF08439', 'TIGR02614', 'PF03255', 'PF00252', 'PF13167', 'TIGR00755', 'PF02768', 'TIGR01974', 'PF04565', 'PF01423', 'PF11987', 'PF02410', 'PF02699', 'TIGR01750', 'PF05698', 'PF03948', 'PF00347', 'PF00902', 'PF00697', 'PF00988', 'PF00828', 'PF02325', 'PF02547', 'PF00164', 'TIGR00336', 'TIGR01325', 'PF08755', 'PF01583', 'TIGR03592', 'TIGR03593', 'TIGR03598', 'TIGR01036', 'PF13291', 'TIGR00742', 'TIGR00634', 'TIGR01695', 'TIGR01693', 'TIGR00928', 'TIGR00922', 'TIGR02075', 'PF01000', 'PF01119', 'PF01634', 'PF00750', 'PF00238', 'PF00772', 'PF06242', 'PF01746', 'PF01960', 'TIGR01514', 'TIGR01510', 'PF00627', 'PF01379', 'PF01628', 'PF00861', 'PF01921', 'PF00466', 'PF03900', 'TIGR03692', 'TIGR00329', 'PF11967', 'PF01433', 'PF04442', 'PF02504', 'TIGR00644', 'TIGR00643', 'PF03952', 'TIGR01682', 'PF02739', 'PF11940', 'PF02955', 'PF04377', 'PF00453', 'PF08459', 'PF02912', 'PF02660', 'PF03118', 'PF13288', 'TIGR00132', 'TIGR00137', 'PF03449', 'PF00490', 'PF13932', 'PF00154', 'PF00162', 'PF02951', 'PF03966', 'TIGR01235', 'PF01016', 'PF05673', 'PF04563', 'PF04052', 'PF07370', 'TIGR02796', 'TIGR02799', 'PF01450', 'PF01580', 'TIGR00656', 'PF02091', 'TIGR00494', 'TIGR01830', 'PF08331', 'TIGR03303', 'TIGR00878', 'PF00831', 'TIGR00128', 'TIGR00019', 'TIGR00010', 'TIGR00576', 'PF06418', 'PF07943', 'PF06938', 'PF04546', 'PF02616', 'TIGR02784', 'PF12362', 'PF02787', 'TIGR02432', 'TIGR00460', 'PF03120', 'PF03652', 'PF03946', 'PF00829', 'PF02601', 'TIGR01828', 'TIGR03263', 'PF00542', 'TIGR01795', 'PF02887', 'TIGR03862', 'PF01715', 'PF13368', 'PF02565', 'PF08676', 'TIGR01499', 'PF00762', 'PF11011', 'PF06793', 'PF02674', 'PF13413', 'PF03119', 'TIGR01079', 'PF01687', 'PF01632', 'PF00476', 'TIGR03081', 'PF03726', 'TIGR00515', 'TIGR00516', 'PF06319', 'PF01121', 'PF00825', 'PF00488', 'PF02639', 'TIGR02350', 'PF04085', 'PF00327', 'TIGR00856', 'TIGR00690', 'PF02562', 'PF03799', 'PF00032', 'PF04715', 'TIGR01246', 'TIGR01245', 'PF02602', 'PF00687', 'TIGR01993', 'PF01649', 'TIGR03413', 'PF02670', 'PF01416', 'TIGR00214', 'PF04760', 'PF13335', 'PF00623', 'PF00218', 'TIGR00445', 'TIGR00444', 'TIGR00442', 'PF05258', 'PF04339', 'PF00889', 'PF10555', 'PF00253', 'PF04983', 'PF02686', 'PF00677', 'PF12327', 'PF01196', 'PF00281', 'PF00673', 'PF02167', 'PF02620', 'PF02696', 'PF01255', 'PF03938', 'PF04296', 'TIGR00044', 'TIGR00048', 'PF00562', 'PF01808', 'TIGR02800', 'TIGR02802', 'PF01218', 'PF06831', 'TIGR01059', 'TIGR01051', 'TIGR01292', 'TIGR01296', 'PF01288', 'PF07372', 'PF01653', 'TIGR00539', 'TIGR00531', 'TIGR01129', 'PF09382', 'TIGR00459', 'PF05164', 'TIGR00649', 'PF07542', 'PF00342', 'PF02367', 'PF01668', 'PF02575', 'PF11700', 'TIGR02210', 'TIGR02212', 'PF00475', 'PF13603', 'PF05000', 'PF04408', 'PF13277', 'TIGR00054', 'PF01743', 'TIGR00057', 'TIGR00050', 'PF01025', 'PF13710', 'TIGR01464', 'PF01678', 'PF00886', 'PF05190', 'TIGR00186', 'PF00333', 'PF01367', 'PF10385', 'PF00410', 'PF12344', 'TIGR00239', 'TIGR00234', 'PF04280', 'PF00113', 'PF03548', 'PF08529', 'TIGR01134', 'PF02277', 'PF02673', 'TIGR00420', 'PF06764', 'TIGR00064', 'PF06723', 'PF00416', 'PF13742', 'TIGR00737', 'PF03379', 'PF02556', 'PF11812', 'PF02223', 'PF03483', 'TIGR01736', 'PF00344', 'PF02401', 'PF02622', 'PF04204', 'PF01195', 'PF01176', 'TIGR01455', 'PF04127', 'TIGR03423', 'PF01430', 'PF01783', 'PF03588', 'PF02403', 'PF07264', 'PF00237', 'PF08436', 'PF00684', 'PF06108', 'PF11775', 'TIGR00436', 'PF06415', 'PF13184', 'PF12607', 'TIGR01855', 'TIGR02397', 'PF06620', 'TIGR01082', 'PF01709', 'PF02222', 'PF09538', 'PF05697', 'TIGR00987', 'PF00584', 'PF01725', 'PF02833', 'TIGR01087', 'TIGR00225', 'PF00573', 'PF01149', 'PF00215', 'PF02092'], 'GCN2': ['PF03668', 'PF03937', 'TIGR01436', 'TIGR00154', 'PF01975', 'PF01782', 'PF06421', 'PF02590', 'PF02542', 'PF02606', 'PF03610', 'TIGR00630', 'PF02578', 'PF12096', 'PF01245', 'TIGR03302', 'PF08511', 'TIGR01496', 'PF04186', 'PF03484', 'PF04452', 'TIGR03317', 'TIGR01474', 'TIGR03188', 'TIGR00735', 'PF02636', 'PF14450', 'PF01197'], 'marker lineage': 'f__Rhodobacteraceae', 'GC': 0.51269569537452, 'GCN4': [], '# scaffolds': 426, 'Completeness': 79.04761904761907, 'GCN3': [], 'GCN5+': [], '# contigs': 426, 'Translation table': 11, '# markers': 568, 'Coding density': 0.9143624827928832, 'Mean contig length': 5670.011737089202, '# marker sets': 330, 'N50 (contigs)': 6227, '1': 435, '0': 105, '3': 0, '2': 28, 'Longest scaffold': 39304, '4': 0, '5+': 0, 'Contamination': 5.165945165945166, '# predicted genes': 2621, 'N50 (scaffolds)': 6227, '# ambiguous bases': 0, 'Mean scaffold length': 5670.011737089202}
DNA_133_bins.30	{'GC std': 0.013516278739559337, '# genomes': 901, 'Genome size': 1172067, 'Longest contig': 18768, 'GCN0': ['TIGR00442', 'PF00162', 'PF01018', 'PF00562', 'PF01016', 'PF04563', 'TIGR00963', 'PF04561', 'PF00625', 'TIGR01059', 'TIGR00344', 'TIGR00539', 'PF00831', 'PF13167', 'PF08299', 'TIGR00611', 'TIGR00755', 'PF01351', 'TIGR00392', 'TIGR00010', 'PF04565', 'PF01668', 'PF01071', 'PF00366', 'PF13603', 'PF03840', 'PF10385', 'PF00164', 'PF01765', 'PF01715', 'TIGR03594', 'PF08529', 'PF02565', 'TIGR00741', 'PF02130', 'TIGR01394', 'PF01264', 'TIGR00634', 'PF04560', 'PF01782', 'PF02410', 'PF02844', 'TIGR01173', 'TIGR01079', 'TIGR00419', 'PF00829', 'PF00177', 'PF02527', 'TIGR00855', 'TIGR00250', 'TIGR00436', 'PF13184', 'TIGR00019', 'PF00238', 'PF01649', 'PF06421', 'PF11967', 'PF01807', 'PF09190', 'TIGR02012'], 'GCN1': ['TIGR00132', 'PF01632', 'PF03602', 'PF01509', 'PF00298', 'PF03484', 'TIGR00096', 'PF00338', 'PF02686', 'PF12327', 'PF00281', 'PF00091', 'PF04997', 'PF01132', 'PF01245', 'PF02224', 'PF02934', 'PF02075', 'PF00189', 'PF02033', 'TIGR00878', 'PF06574', 'PF01281', 'PF11987', 'PF00252', 'TIGR01978', 'PF02367', 'PF00572', 'PF00312', 'PF08478', 'PF02132', 'PF05698', 'TIGR01162', 'PF03948', 'PF00297', 'PF00988', 'PF01709', 'PF03946', 'PF02357', 'TIGR00186', 'TIGR00020', 'PF12344', 'TIGR00234', 'PF03461', 'TIGR01134', 'TIGR00064', 'PF03947', 'TIGR01087', 'PF08207', 'PF00623', 'PF09285', 'PF13507', 'TIGR02075', 'PF03119', 'PF01250', 'TIGR03723', 'TIGR03725', 'PF03726', 'PF00344', 'PF00203', 'TIGR00670', 'TIGR01455', 'TIGR01951', 'PF00466', 'PF02403', 'PF01121', 'PF00237', 'PF00707', 'PF04998', 'PF06071', 'TIGR01510', 'TIGR00329', 'PF00276', 'PF00886', 'PF00687', 'PF12627', 'PF00380', 'PF05697', 'PF01416', 'PF00453', 'PF02843', 'PF00584', 'PF08459', 'PF01330', 'PF05491', 'PF02978', 'PF02912', 'PF00181', 'PF00573'], 'GCN2': ['PF00889', 'TIGR01980', 'PF01196', 'PF01808', 'PF00411', 'PF01795', 'PF00347', 'PF00410', 'PF01193', 'PF01000', 'TIGR00593', 'PF01687', 'PF00627', 'PF00828', 'PF10609', 'PF00861', 'PF00673', 'PF00958', 'PF00318', 'PF03719', 'PF00333', 'TIGR03631'], 'marker lineage': 'k__Bacteria', 'GC': 0.4474471169310287, 'GCN4': [], '# scaffolds': 276, 'Completeness': 61.52551152551152, 'GCN3': [], 'GCN5+': [], '# contigs': 276, 'Translation table': 11, '# markers': 171, 'Coding density': 0.946245393821343, 'Mean contig length': 4246.619565217391, '# marker sets': 117, 'N50 (contigs)': 4367, '1': 89, '0': 60, '3': 0, '2': 22, 'Longest scaffold': 18768, '4': 0, '5+': 0, 'Contamination': 7.905982905982906, '# predicted genes': 1381, 'N50 (scaffolds)': 4367, '# ambiguous bases': 0, 'Mean scaffold length': 4246.619565217391}
DNA_133_bins.31	{'GC std': 0.011348164690202991, '# genomes': 5656, 'Genome size': 319911, 'Longest contig': 36375, 'GCN0': ['PF00410', 'PF00861', 'PF00164', 'PF00416', 'PF00466', 'PF00831', 'PF01509', 'PF00162', 'TIGR00967', 'PF01193', 'PF00298', 'PF00252', 'PF00237', 'TIGR00755', 'TIGR00329', 'PF03484', 'TIGR00392', 'PF04983', 'PF04565', 'PF00276', 'PF00338', 'PF04560', 'PF04997', 'PF04563', 'PF03947', 'PF00181', 'PF11987', 'PF13184', 'PF00312', 'PF04561', 'PF00281', 'PF00673', 'PF00687', 'PF00347', 'PF05000', 'PF00380', 'PF00297', 'PF01000', 'PF00562', 'PF00366', 'PF00572', 'PF00411', 'PF00238', 'PF03946', 'TIGR00468', 'PF00203', 'PF00318', 'PF00177', 'PF02978', 'PF00623', 'PF00573', 'PF00189', 'TIGR00344', 'PF03719', 'PF00333', 'PF08459'], 'GCN1': [], 'GCN2': [], 'marker lineage': 'root', 'GC': 0.5962627105663763, 'GCN4': [], '# scaffolds': 46, 'Completeness': 0.0, 'GCN3': [], 'GCN5+': [], '# contigs': 46, 'Translation table': 11, '# markers': 56, 'Coding density': 0.8988374891766773, 'Mean contig length': 6954.586956521739, '# marker sets': 24, 'N50 (contigs)': 7904, '1': 0, '0': 56, '3': 0, '2': 0, 'Longest scaffold': 36375, '4': 0, '5+': 0, 'Contamination': 0.0, '# predicted genes': 361, 'N50 (scaffolds)': 7904, '# ambiguous bases': 0, 'Mean scaffold length': 6954.586956521739}
DNA_133_bins.10	{'GC std': 0.023698730446523746, '# genomes': 5449, 'Genome size': 7874030, 'Longest contig': 122424, 'GCN0': ['PF01668'], 'GCN1': ['TIGR03723', 'PF06071', 'TIGR00329', 'TIGR00019'], 'GCN2': ['PF00162', 'PF02367', 'PF12344', 'PF01195', 'TIGR00250', 'PF08459'], 'marker lineage': 'k__Bacteria', 'GC': 0.5652167949576011, 'GCN4': ['PF01018', 'PF00338', 'PF01245', 'PF00411', 'PF00189', 'PF01281', 'PF00252', 'TIGR00459', 'PF00181', 'PF00312', 'PF13603', 'PF03948', 'PF00347', 'PF00297', 'TIGR00460', 'PF00177', 'PF00333', 'PF01193', 'PF01409', 'TIGR03594', 'PF08529', 'PF02130', 'PF03947', 'PF01000', 'PF00203', 'PF01121', 'PF03719', 'PF00861', 'PF00237', 'PF00276', 'PF06421', 'PF05697', 'PF00453', 'PF01250', 'PF02978', 'PF02912', 'PF00573'], '# scaffolds': 1325, 'Completeness': 98.27586206896552, 'GCN3': ['PF00889', 'PF03484', 'PF00380', 'TIGR00344', 'PF01795', 'PF00416', 'TIGR00755', 'TIGR00392', 'TIGR02432', 'PF00828', 'PF00886', 'TIGR03263', 'TIGR00967', 'PF01765', 'TIGR02075', 'TIGR00810', 'PF01632', 'PF00572', 'PF00829', 'TIGR00084', 'PF13184', 'PF01649', 'PF00318', 'PF05491'], 'GCN5+': ['PF01509', 'PF00298', 'TIGR00615', 'PF04983', 'PF01016', 'PF00562', 'PF04563', 'PF01196', 'PF00281', 'PF00673', 'PF04997', 'PF10385', 'PF00831', 'PF04565', 'PF11987', 'PF05000', 'PF00366', 'PF03946', 'PF00410', 'PF00164', 'PF04560', 'TIGR00922', 'TIGR01079', 'PF00238', 'PF01746', 'PF00466', 'PF04998', 'TIGR00855', 'PF04561', 'PF00687', 'PF00623', 'PF02033'], '# contigs': 1325, 'Translation table': 11, '# markers': 104, 'Coding density': 0.927029869075937, 'Mean contig length': 5942.664150943397, '# marker sets': 58, 'N50 (contigs)': 6706, '1': 4, '0': 1, '3': 24, '2': 6, 'Longest scaffold': 122424, '4': 37, '5+': 32, 'Contamination': 247.25705329153604, '# predicted genes': 8430, 'N50 (scaffolds)': 6706, '# ambiguous bases': 0, 'Mean scaffold length': 5942.664150943397}
DNA_133_bins.11	{'GC std': 0.01920006812006452, '# genomes': 5449, 'Genome size': 1640364, 'Longest contig': 50058, 'GCN0': ['PF01509', 'PF00162', 'PF01018', 'PF00889', 'PF01016', 'PF00411', 'TIGR00755', 'TIGR00392', 'PF11987', 'PF00312', 'PF13603', 'PF00886', 'PF12344', 'PF01746', 'PF01195', 'PF00829', 'PF06071', 'TIGR00084', 'PF01649', 'PF06421', 'PF05697', 'PF00318', 'PF05491', 'PF02978', 'PF02033'], 'GCN1': ['TIGR00615', 'PF00562', 'PF00338', 'PF01196', 'PF00380', 'PF01245', 'PF10385', 'TIGR00344', 'PF01795', 'PF01281', 'PF00416', 'TIGR00459', 'PF02367', 'PF01668', 'PF03948', 'TIGR02432', 'TIGR00460', 'TIGR03263', 'PF00333', 'TIGR00967', 'PF01193', 'PF01765', 'PF01409', 'TIGR03594', 'PF08529', 'PF02130', 'PF04560', 'TIGR02075', 'PF01000', 'PF01632', 'TIGR03723', 'PF01121', 'PF00572', 'PF03719', 'PF00466', 'TIGR00855', 'TIGR00329', 'TIGR00250', 'PF13184', 'TIGR00019', 'PF00453', 'PF01250', 'PF08459', 'PF02912', 'PF00623'], 'GCN2': ['PF00298', 'PF03484', 'PF04983', 'PF04563', 'PF00281', 'PF00673', 'PF04997', 'PF00189', 'PF00831', 'PF00252', 'PF04565', 'PF00181', 'PF00347', 'PF05000', 'PF00297', 'PF00366', 'PF00177', 'PF00828', 'PF03946', 'PF00410', 'PF00164', 'PF03947', 'TIGR00922', 'TIGR00810', 'TIGR01079', 'PF00238', 'PF00203', 'PF00861', 'PF00237', 'PF00276', 'PF04561', 'PF00687', 'PF00573'], 'marker lineage': 'k__Bacteria', 'GC': 0.6224703785257418, 'GCN4': [], '# scaffolds': 299, 'Completeness': 61.72413793103448, 'GCN3': ['PF04998'], 'GCN5+': [], '# contigs': 299, 'Translation table': 11, '# markers': 104, 'Coding density': 0.9375699539858227, 'Mean contig length': 5486.167224080267, '# marker sets': 58, 'N50 (contigs)': 5998, '1': 45, '0': 25, '3': 1, '2': 33, 'Longest scaffold': 50058, '4': 0, '5+': 0, 'Contamination': 12.852664576802509, '# predicted genes': 1850, 'N50 (scaffolds)': 5998, '# ambiguous bases': 0, 'Mean scaffold length': 5486.167224080267}
DNA_133_bins.12	{'GC std': 0.010122270685763383, '# genomes': 5449, 'Genome size': 1235538, 'Longest contig': 110419, 'GCN0': ['PF01509', 'PF00162', 'PF00298', 'PF01018', 'PF00889', 'TIGR00615', 'PF03484', 'PF04983', 'PF01016', 'PF00338', 'PF04563', 'PF00281', 'PF00673', 'PF04997', 'PF01245', 'PF00189', 'TIGR00344', 'PF01795', 'PF00831', 'PF00252', 'TIGR00459', 'TIGR00755', 'TIGR00392', 'PF01668', 'PF00181', 'PF11987', 'PF00312', 'PF13603', 'PF00347', 'PF05000', 'PF00297', 'PF00366', 'TIGR00460', 'PF00177', 'PF03946', 'PF00886', 'TIGR03263', 'PF00410', 'PF00164', 'PF01765', 'PF01409', 'TIGR03594', 'PF08529', 'PF03947', 'TIGR00922', 'TIGR02075', 'TIGR00810', 'TIGR01079', 'PF01632', 'PF00238', 'PF00203', 'PF01746', 'PF01195', 'PF00829', 'PF00466', 'PF00237', 'PF04998', 'PF06071', 'TIGR00855', 'TIGR00250', 'PF00276', 'PF13184', 'PF04561', 'PF00687', 'PF01649', 'PF06421', 'PF00453', 'PF08459', 'PF00318', 'PF02978', 'PF02912', 'PF00623', 'PF02033', 'PF00573'], 'GCN1': ['PF00562', 'PF01196', 'PF10385', 'PF00411', 'PF01281', 'PF00416', 'PF04565', 'PF02367', 'PF03948', 'TIGR02432', 'PF00333', 'PF12344', 'TIGR00967', 'PF01193', 'PF02130', 'PF04560', 'PF01000', 'TIGR03723', 'PF01121', 'PF03719', 'PF00861', 'TIGR00329', 'TIGR00084', 'TIGR00019', 'PF05697', 'PF01250', 'PF05491'], 'GCN2': ['PF00380', 'PF00828', 'PF00572'], 'marker lineage': 'k__Bacteria', 'GC': 0.6298041824694991, 'GCN4': [], '# scaffolds': 36, 'Completeness': 25.54858934169279, 'GCN3': [], 'GCN5+': [], '# contigs': 36, 'Translation table': 11, '# markers': 104, 'Coding density': 0.9085345816963946, 'Mean contig length': 34320.5, '# marker sets': 58, 'N50 (contigs)': 42713, '1': 27, '0': 74, '3': 0, '2': 3, 'Longest scaffold': 110419, '4': 0, '5+': 0, 'Contamination': 1.8808777429467083, '# predicted genes': 1198, 'N50 (scaffolds)': 42713, '# ambiguous bases': 0, 'Mean scaffold length': 34320.5}
DNA_133_bins.13	{'GC std': 0.014605041125190675, '# genomes': 148, 'Genome size': 1385337, 'Longest contig': 104664, 'GCN0': ['PF08617', 'PF00177', 'PF00562', 'PF03684', 'TIGR03684', 'PF04983', 'PF00679', 'PF00832', 'PF01973', 'PF01287', 'PF04563', 'PF01198', 'TIGR00408', 'PF04997', 'PF13685', 'TIGR02389', 'PF00623', 'TIGR02338', 'PF01849', 'TIGR02153', 'TIGR00537', 'PF01090', 'PF01201', 'PF04565', 'PF01015', 'PF00181', 'PF11987', 'TIGR00270', 'PF05000', 'PF04566', 'PF01780', 'PF01191', 'TIGR00289', 'PF03946', 'TIGR01211', 'PF00164', 'TIGR00335', 'PF04472', 'PF01922', 'TIGR00422', 'TIGR00389', 'PF04560', 'TIGR00162', 'TIGR00928', 'PF09377', 'PF02649', 'PF01974', 'TIGR01177', 'PF01984', 'PF03764', 'PF04127', 'PF01172', 'PF09173', 'PF09249', 'TIGR02237', 'TIGR00329', 'PF04567', 'PF04561', 'TIGR03679', 'PF01912', 'TIGR03677', 'PF01180', 'PF02978'], 'GCN1': ['TIGR00134', 'PF13656', 'TIGR00442', 'PF01509', 'PF03484', 'PF04019', 'TIGR03685', 'TIGR03683', 'PF00276', 'PF01282', 'PF01948', 'TIGR00549', 'TIGR01018', 'PF00281', 'PF08068', 'PF06026', 'TIGR03665', 'PF00380', 'PF00334', 'PF00411', 'PF01864', 'PF04104', 'PF03950', 'PF01967', 'PF00189', 'TIGR00344', 'TIGR00878', 'PF00709', 'PF00416', 'PF00831', 'PF00252', 'TIGR00755', 'PF01092', 'TIGR00392', 'PF00900', 'PF04919', 'PF01280', 'PF00673', 'PF06418', 'PF00572', 'PF01994', 'PF00312', 'PF05221', 'TIGR01162', 'PF00347', 'PF00297', 'TIGR00419', 'PF00750', 'PF00366', 'TIGR00057', 'TIGR00111', 'TIGR00658', 'PF03719', 'TIGR00468', 'PF01982', 'PF01868', 'TIGR01210', 'TIGR01213', 'PF00410', 'PF00736', 'TIGR00234', 'TIGR01046', 'PF01193', 'PF05670', 'TIGR00522', 'PF01798', 'TIGR01134', 'PF01200', 'PF03833', 'TIGR00064', 'PF03947', 'PF04010', 'TIGR01080', 'PF01940', 'PF02844', 'PF01655', 'PF13507', 'PF01246', 'TIGR02076', 'PF01416', 'PF01000', 'PF00827', 'PF08069', 'TIGR01736', 'TIGR00670', 'PF01269', 'PF01174', 'PF01192', 'PF00861', 'PF08071', 'PF03874', 'PF05746', 'PF00327', 'PF00237', 'PF01667', 'PF00203', 'PF01194', 'PF00318', 'PF01866', 'TIGR00432', 'PF00749', 'PF00958', 'PF01157', 'PF06093', 'PF07541', 'PF00573', 'TIGR00729', 'PF00752', 'PF00935', 'PF02748', 'PF04032', 'PF01725', 'PF00333', 'PF00238', 'TIGR03724', 'PF03876', 'PF00867'], 'GCN2': ['PF03439', 'PF00298', 'PF02005', 'PF00687', 'TIGR00336', 'PF01981', 'PF00466', 'TIGR00327'], 'marker lineage': 'p__Euryarchaeota', 'GC': 0.5438950955615853, 'GCN4': [], '# scaffolds': 47, 'Completeness': 64.8, 'GCN3': [], 'GCN5+': [], '# contigs': 47, 'Translation table': 11, '# markers': 188, 'Coding density': 0.9371358737982166, 'Mean contig length': 29475.255319148935, '# marker sets': 125, 'N50 (contigs)': 49280, '1': 117, '0': 63, '3': 0, '2': 8, 'Longest scaffold': 104664, '4': 0, '5+': 0, 'Contamination': 4.133333333333333, '# predicted genes': 1184, 'N50 (scaffolds)': 49280, '# ambiguous bases': 0, 'Mean scaffold length': 29475.255319148935}
DNA_133_bins.14	{'GC std': 0.016825217442633128, '# genomes': 2921, 'Genome size': 3784298, 'Longest contig': 98954, 'GCN0': ['PF00035', 'TIGR01085', 'PF01330', 'TIGR02350', 'PF00253'], 'GCN1': ['PF01509', 'PF00298', 'PF00471', 'PF00411', 'PF02075', 'PF02096', 'PF00189', 'PF02410', 'PF01281', 'TIGR00392', 'PF00181', 'PF00312', 'TIGR00575', 'TIGR00418', 'PF00366', 'PF00177', 'PF00276', 'PF01193', 'PF01765', 'PF01409', 'PF00830', 'PF02130', 'PF04560', 'PF03947', 'TIGR03723', 'PF00203', 'PF03719', 'TIGR01951', 'PF03485', 'PF07516', 'PF04998', 'PF06071', 'PF12631', 'PF06421', 'TIGR00593', 'TIGR00595', 'PF01250', 'PF00318', 'PF02033', 'PF01018', 'PF01386', 'PF03147', 'PF04997', 'PF00380', 'PF01084', 'TIGR00344', 'PF04561', 'PF00252', 'TIGR00755', 'PF02768', 'PF04565', 'PF11987', 'PF02699', 'PF03948', 'PF00347', 'PF00828', 'TIGR00020', 'PF00164', 'TIGR03594', 'TIGR00922', 'TIGR02075', 'PF01000', 'PF00572', 'PF00750', 'PF00238', 'PF01746', 'PF00861', 'PF00466', 'TIGR00329', 'PF00453', 'PF08459', 'PF05491', 'PF02912', 'PF13932', 'PF02938', 'PF01016', 'PF04563', 'PF01245', 'PF01795', 'PF00831', 'TIGR00615', 'TIGR00019', 'PF06418', 'PF00297', 'TIGR02432', 'TIGR00460', 'PF03946', 'TIGR03263', 'TIGR01079', 'PF01687', 'PF03726', 'PF01121', 'PF03652', 'PF02873', 'PF00687', 'PF01649', 'PF04760', 'PF00623', 'TIGR00442', 'PF00889', 'PF03484', 'PF04983', 'PF01196', 'PF00281', 'PF00673', 'PF00562', 'TIGR01059', 'PF06574', 'PF00627', 'PF02367', 'PF01668', 'TIGR01063', 'PF13603', 'PF05000', 'PF00886', 'PF00333', 'PF10385', 'PF00410', 'PF12344', 'PF08529', 'TIGR00064', 'PF00416', 'PF00344', 'PF01195', 'PF00163', 'PF00829', 'PF02403', 'PF00237', 'PF00684', 'TIGR00435', 'PF13184', 'TIGR02397', 'PF05697', 'PF02978', 'PF00573', 'TIGR02012'], 'GCN2': ['PF00338'], 'marker lineage': 'k__Bacteria', 'GC': 0.6811952969877108, 'GCN4': [], '# scaffolds': 253, 'Completeness': 95.33468559837728, 'GCN3': [], 'GCN5+': [], '# contigs': 253, 'Translation table': 11, '# markers': 142, 'Coding density': 0.8990766583392745, 'Mean contig length': 14957.699604743084, '# marker sets': 87, 'N50 (contigs)': 25207, '1': 136, '0': 5, '3': 0, '2': 1, 'Longest scaffold': 98954, '4': 0, '5+': 0, 'Contamination': 1.1494252873563218, '# predicted genes': 3050, 'N50 (scaffolds)': 25207, '# ambiguous bases': 0, 'Mean scaffold length': 14957.699604743084}
DNA_133_bins.15	{'GC std': 0.01823456741114676, '# genomes': 56, 'Genome size': 2500659, 'Longest contig': 15021, 'GCN0': ['PF13779', 'PF01509', 'PF00298', 'TIGR02945', 'TIGR00409', 'PF00091', 'PF00471', 'PF04430', 'PF00411', 'TIGR00979', 'TIGR00977', 'TIGR00973', 'TIGR01436', 'TIGR00392', 'TIGR00390', 'PF03364', 'PF01975', 'TIGR03719', 'PF04355', 'PF00177', 'PF04340', 'TIGR00966', 'PF01193', 'PF01765', 'PF01409', 'PF00830', 'TIGR01394', 'PF04560', 'PF01113', 'TIGR01083', 'TIGR01085', 'TIGR02968', 'TIGR02639', 'PF08275', 'PF04608', 'PF09835', 'PF03719', 'TIGR01958', 'TIGR01959', 'TIGR01957', 'TIGR01951', 'PF02700', 'PF03979', 'PF05071', 'PF06421', 'TIGR00595', 'PF01702', 'TIGR01189', 'PF02576', 'PF02033', 'PF03411', 'TIGR01749', 'PF04997', 'PF03796', 'TIGR01579', 'PF00334', 'PF13631', 'PF01619', 'TIGR01191', 'PF03477', 'PF08439', 'PF03255', 'TIGR00755', 'TIGR01974', 'TIGR01971', 'PF05698', 'TIGR01620', 'PF00347', 'PF00828', 'PF02699', 'PF02547', 'PF00164', 'TIGR01325', 'TIGR00742', 'TIGR00928', 'PF08207', 'TIGR00922', 'PF01000', 'TIGR02273', 'PF01634', 'PF00572', 'PF00772', 'PF01746', 'PF04279', 'PF00627', 'PF00861', 'PF05173', 'PF00152', 'PF02955', 'PF04377', 'PF08459', 'PF02660', 'PF03118', 'PF13288', 'TIGR00132', 'TIGR00313', 'PF05673', 'PF07370', 'TIGR02796', 'TIGR02799', 'PF01450', 'PF01245', 'PF01580', 'TIGR00656', 'TIGR02420', 'TIGR00494', 'TIGR00493', 'PF05430', 'PF01795', 'TIGR00878', 'TIGR00010', 'PF06213', 'PF02542', 'PF06938', 'PF04546', 'PF00764', 'PF00297', 'PF03946', 'TIGR01795', 'PF07896', 'TIGR00653', 'TIGR00067', 'PF06793', 'PF00329', 'TIGR00516', 'PF06319', 'PF01923', 'PF00825', 'TIGR00670', 'TIGR01816', 'TIGR01812', 'PF00327', 'TIGR01245', 'PF10458', 'PF00687', 'PF00380', 'PF02670', 'PF00623', 'TIGR00503', 'TIGR00639', 'TIGR00505', 'TIGR00444', 'PF00889', 'PF10555', 'PF00253', 'TIGR02204', 'PF04452', 'PF02686', 'PF12327', 'PF01196', 'PF01255', 'TIGR00044', 'TIGR01474', 'PF00562', 'PF01808', 'PF00478', 'PF01218', 'TIGR01059', 'TIGR01055', 'TIGR01129', 'TIGR01125', 'PF09923', 'PF07542', 'TIGR03346', 'PF13603', 'TIGR00054', 'PF01678', 'PF00886', 'TIGR00186', 'PF00333', 'PF10385', 'PF00410', 'TIGR00239', 'TIGR00234', 'PF03548', 'PF02381', 'PF08529', 'TIGR01133', 'TIGR00064', 'PF06723', 'PF00416', 'PF00346', 'PF12556', 'PF03379', 'PF00344', 'PF04204', 'PF02620', 'PF01176', 'PF01197', 'PF02790', 'PF03588', 'PF08436', 'TIGR00445', 'PF11233', 'PF13184', 'TIGR02393', 'PF01709', 'PF02222', 'PF05697', 'PF00584', 'PF02833', 'PF02978', 'TIGR00225'], 'GCN1': ['PF03602', 'PF00707', 'TIGR00096', 'PF00035', 'TIGR00406', 'PF06689', 'PF00742', 'PF07219', 'PF02075', 'PF00189', 'PF07991', 'PF00709', 'PF01281', 'PF01351', 'TIGR01388', 'TIGR01091', 'PF00181', 'PF00312', 'PF04561', 'PF03969', 'PF02132', 'TIGR01162', 'TIGR01365', 'TIGR00416', 'PF00366', 'PF03840', 'PF02643', 'PF02391', 'TIGR00707', 'TIGR03002', 'PF08482', 'PF04977', 'TIGR00965', 'PF03461', 'PF02637', 'PF02113', 'PF05188', 'PF10369', 'PF02130', 'PF01264', 'PF03947', 'PF02491', 'TIGR01084', 'TIGR00118', 'PF13507', 'TIGR00560', 'TIGR00362', 'TIGR00365', 'PF01728', 'TIGR03723', 'TIGR03725', 'PF03315', 'PF05192', 'PF03485', 'PF07516', 'PF00290', 'PF04998', 'PF02618', 'PF01761', 'TIGR02281', 'PF04376', 'PF00276', 'TIGR01410', 'PF04386', 'PF01624', 'PF02590', 'TIGR01347', 'PF00318', 'TIGR00763', 'PF07799', 'PF04898', 'PF01386', 'PF03481', 'PF00338', 'TIGR01980', 'PF01195', 'PF06026', 'TIGR01574', 'PF01084', 'PF02224', 'TIGR00344', 'PF05198', 'PF12631', 'TIGR01356', 'TIGR02614', 'PF02606', 'PF00252', 'PF13167', 'PF02768', 'TIGR01973', 'TIGR01979', 'PF04565', 'PF13491', 'PF01423', 'PF01220', 'PF11987', 'PF02410', 'TIGR01750', 'PF03948', 'PF00902', 'PF00697', 'PF00988', 'TIGR00020', 'PF02325', 'PF09326', 'PF03610', 'TIGR00336', 'PF07497', 'PF08755', 'PF01583', 'TIGR03594', 'PF13291', 'TIGR00634', 'PF00224', 'TIGR01695', 'PF07499', 'TIGR01692', 'PF03702', 'PF09285', 'TIGR02070', 'PF01250', 'PF00750', 'PF00238', 'PF06242', 'TIGR01510', 'PF01379', 'PF03313', 'PF06844', 'TIGR01203', 'PF01921', 'PF00466', 'TIGR01694', 'PF03900', 'TIGR03692', 'TIGR00329', 'TIGR01331', 'PF01474', 'PF06073', 'PF11967', 'PF01433', 'PF04442', 'PF02504', 'TIGR00643', 'TIGR01682', 'PF02739', 'PF04366', 'PF11940', 'PF04364', 'PF00453', 'PF01330', 'PF03449', 'PF00490', 'PF00154', 'PF02951', 'TIGR01235', 'PF12096', 'PF04563', 'PF02657', 'PF02390', 'PF02091', 'TIGR01830', 'PF08331', 'PF03755', 'TIGR03303', 'TIGR03302', 'PF00831', 'TIGR00128', 'TIGR00019', 'TIGR00576', 'PF06418', 'TIGR01318', 'TIGR01317', 'PF07943', 'PF03937', 'PF02616', 'PF02787', 'TIGR02432', 'TIGR00460', 'PF03120', 'PF03652', 'PF00829', 'PF02601', 'TIGR03263', 'PF00542', 'TIGR01798', 'PF02887', 'TIGR03862', 'PF01653', 'PF02565', 'TIGR01499', 'TIGR01496', 'PF00762', 'PF11011', 'PF13413', 'TIGR01072', 'TIGR01079', 'PF01687', 'PF01632', 'PF00476', 'PF03726', 'TIGR03644', 'TIGR00515', 'PF08364', 'TIGR02350', 'PF04085', 'PF00359', 'TIGR00856', 'PF02873', 'PF03799', 'PF00032', 'PF02602', 'PF01649', 'TIGR03413', 'TIGR00214', 'PF05187', 'PF04760', 'PF13335', 'PF00218', 'TIGR00442', 'PF05258', 'PF04339', 'PF04983', 'PF00677', 'TIGR03317', 'PF00281', 'PF00673', 'PF08511', 'PF02167', 'PF02696', 'PF03938', 'PF04296', 'PF01132', 'TIGR01473', 'TIGR02800', 'TIGR02802', 'PF02934', 'TIGR03534', 'PF06831', 'TIGR01292', 'TIGR01296', 'PF10590', 'PF07372', 'TIGR00539', 'TIGR00536', 'PF02844', 'PF05164', 'PF01668', 'PF02575', 'PF11700', 'TIGR02210', 'TIGR02212', 'TIGR03188', 'PF00475', 'PF01071', 'PF10396', 'PF05000', 'PF13277', 'TIGR00057', 'TIGR00050', 'PF13710', 'TIGR01464', 'PF03952', 'PF05190', 'PF01367', 'PF04453', 'PF12344', 'PF01027', 'PF00113', 'TIGR01249', 'TIGR01134', 'PF02673', 'TIGR00420', 'PF13742', 'TIGR00735', 'TIGR00737', 'PF03483', 'TIGR01736', 'PF02401', 'PF14450', 'TIGR03423', 'PF01430', 'PF02403', 'PF07264', 'PF00958', 'PF02628', 'PF13763', 'TIGR00436', 'PF06415', 'PF02912', 'TIGR01855', 'PF06620', 'TIGR01082', 'PF09538', 'TIGR00987', 'PF02843', 'TIGR01087', 'PF00573', 'PF00215', 'PF02092'], 'GCN2': ['PF06676', 'TIGR00717', 'PF03668', 'PF03186', 'TIGR00154', 'TIGR01763', 'PF01726', 'PF09297', 'PF00203', 'PF03309', 'PF06071', 'PF04380', 'TIGR00761', 'PF12627', 'TIGR01966', 'PF01018', 'PF09296', 'TIGR01982', 'PF03147', 'TIGR01198', 'TIGR01751', 'TIGR01216', 'TIGR03592', 'TIGR03593', 'PF05524', 'TIGR03598', 'TIGR00630', 'TIGR02075', 'PF01960', 'PF01628', 'PF01121', 'PF11071', 'TIGR00137', 'PF13932', 'PF02578', 'PF01016', 'TIGR00263', 'PF04102', 'TIGR02786', 'TIGR02784', 'TIGR01828', 'PF13368', 'PF08676', 'PF02674', 'TIGR03081', 'PF01192', 'PF05958', 'PF02562', 'PF04186', 'TIGR01246', 'PF03484', 'TIGR00048', 'TIGR01051', 'PF01288', 'PF01715', 'PF09382', 'TIGR00649', 'PF02367', 'PF04408', 'PF01743', 'PF01025', 'PF04280', 'PF02277', 'PF02556', 'PF02636', 'PF00163', 'PF04127', 'PF02639', 'PF00237', 'PF08340', 'PF00684', 'PF06108', 'PF04551', 'PF06559', 'PF01725', 'PF01149'], 'marker lineage': 'f__Rhodobacteraceae', 'GC': 0.5498190676937559, 'GCN4': [], '# scaffolds': 582, 'Completeness': 66.23660507047089, 'GCN3': ['TIGR01036', 'TIGR01693', 'PF03749', 'PF00488'], 'GCN5+': [], '# contigs': 582, 'Translation table': 11, '# markers': 582, 'Coding density': 0.9249725772286426, 'Mean contig length': 4296.664948453608, '# marker sets': 313, 'N50 (contigs)': 4450, '1': 299, '0': 203, '3': 4, '2': 76, 'Longest scaffold': 15021, '4': 0, '5+': 0, 'Contamination': 14.497692580759676, '# predicted genes': 2881, 'N50 (scaffolds)': 4450, '# ambiguous bases': 0, 'Mean scaffold length': 4296.664948453608}
DNA_133_bins.16	{'GC std': 0.03875300602329421, '# genomes': 5656, 'Genome size': 11792821, 'Longest contig': 119786, 'GCN0': [], 'GCN1': [], 'GCN2': ['PF02978'], 'marker lineage': 'root', 'GC': 0.33252739102883017, 'GCN4': ['PF04983', 'PF00281', 'PF00673', 'PF05000', 'PF00623'], '# scaffolds': 2428, 'Completeness': 100.0, 'GCN3': [], 'GCN5+': ['PF00410', 'PF00861', 'PF00164', 'PF00416', 'PF00466', 'PF00831', 'PF01509', 'PF00162', 'TIGR00967', 'PF01193', 'PF00298', 'PF00252', 'PF00237', 'TIGR00755', 'TIGR00329', 'PF03484', 'TIGR00392', 'PF04565', 'PF00276', 'PF00338', 'PF04560', 'PF04997', 'PF04563', 'PF03947', 'PF00181', 'PF11987', 'PF13184', 'PF00312', 'PF04561', 'PF00687', 'PF00347', 'PF00380', 'PF00297', 'PF01000', 'PF00562', 'PF00366', 'PF00572', 'PF00411', 'PF00238', 'PF03946', 'TIGR00468', 'PF00203', 'PF00318', 'PF00177', 'PF00573', 'PF00189', 'TIGR00344', 'PF03719', 'PF00333', 'PF08459'], '# contigs': 2428, 'Translation table': 11, '# markers': 56, 'Coding density': 0.9578887019484142, 'Mean contig length': 4857.010296540362, '# marker sets': 24, 'N50 (contigs)': 4909, '1': 0, '0': 0, '3': 0, '2': 1, 'Longest scaffold': 119786, '4': 5, '5+': 50, 'Contamination': 594.2129629629629, '# predicted genes': 13956, 'N50 (scaffolds)': 4909, '# ambiguous bases': 0, 'Mean scaffold length': 4857.010296540362}
DNA_133_bins.17	{'GC std': 0.02300798220805473, '# genomes': 5449, 'Genome size': 3242355, 'Longest contig': 86242, 'GCN0': ['PF01018'], 'GCN1': ['PF01509', 'PF00162', 'PF00298', 'PF00889', 'PF03484', 'PF04983', 'PF00562', 'PF00338', 'PF04563', 'PF00673', 'PF04997', 'PF01245', 'PF10385', 'TIGR00344', 'PF01795', 'PF01281', 'PF00831', 'TIGR00392', 'PF04565', 'PF02367', 'PF11987', 'PF00312', 'PF13603', 'PF03948', 'PF00347', 'PF05000', 'PF00297', 'PF00366', 'PF00177', 'PF00828', 'PF03946', 'PF00333', 'PF00410', 'PF00164', 'PF08529', 'PF02130', 'PF04560', 'TIGR00922', 'TIGR01079', 'PF00238', 'PF01121', 'PF01746', 'PF03719', 'PF00861', 'PF00466', 'PF04998', 'TIGR00855', 'TIGR00250', 'PF13184', 'PF04561', 'PF00687', 'PF06421', 'PF01250', 'PF08459', 'PF02978', 'PF00623', 'PF02033', 'PF00573'], 'GCN2': ['TIGR00615', 'PF01016', 'PF01196', 'PF00281', 'PF00380', 'PF00189', 'PF00416', 'PF00252', 'TIGR00459', 'TIGR00755', 'PF01668', 'PF00181', 'TIGR02432', 'TIGR00460', 'PF00886', 'TIGR03263', 'PF12344', 'TIGR00967', 'PF01193', 'PF01765', 'PF01409', 'TIGR03594', 'PF03947', 'TIGR02075', 'PF01000', 'TIGR00810', 'PF01632', 'TIGR03723', 'PF00203', 'PF01195', 'PF00572', 'PF00829', 'PF00237', 'PF06071', 'TIGR00329', 'TIGR00084', 'PF00276', 'TIGR00019', 'PF01649', 'PF05697', 'PF00453', 'PF00318', 'PF05491', 'PF02912'], 'marker lineage': 'k__Bacteria', 'GC': 0.4049590498264379, 'GCN4': [], '# scaffolds': 463, 'Completeness': 98.27586206896552, 'GCN3': ['PF00411'], 'GCN5+': [], '# contigs': 463, 'Translation table': 11, '# markers': 104, 'Coding density': 0.9529881829719448, 'Mean contig length': 7002.92656587473, '# marker sets': 58, 'N50 (contigs)': 8262, '1': 58, '0': 1, '3': 1, '2': 44, 'Longest scaffold': 86242, '4': 0, '5+': 0, 'Contamination': 47.44514106583072, '# predicted genes': 3300, 'N50 (scaffolds)': 8262, '# ambiguous bases': 0, 'Mean scaffold length': 7002.92656587473}
DNA_133_bins.18	{'GC std': 0.017735931889556706, '# genomes': 5449, 'Genome size': 565451, 'Longest contig': 9288, 'GCN0': ['PF01509', 'PF00298', 'PF01018', 'PF00889', 'TIGR00615', 'PF03484', 'PF04983', 'PF01016', 'PF00562', 'PF00338', 'PF01196', 'PF00281', 'PF00673', 'PF04997', 'PF00380', 'PF10385', 'PF00411', 'PF00189', 'TIGR00344', 'PF01281', 'PF00416', 'PF00831', 'PF00252', 'TIGR00459', 'TIGR00755', 'TIGR00392', 'PF04565', 'PF02367', 'PF01668', 'PF00181', 'PF00312', 'PF03948', 'PF00347', 'PF05000', 'PF00297', 'PF00366', 'PF00828', 'PF03946', 'PF00886', 'PF00333', 'PF00410', 'PF12344', 'TIGR00967', 'PF01193', 'PF01409', 'TIGR03594', 'PF02130', 'PF03947', 'PF04560', 'TIGR00922', 'PF01000', 'TIGR01079', 'PF01632', 'TIGR03723', 'PF00238', 'PF00203', 'PF01121', 'PF01746', 'PF00572', 'PF03719', 'PF00829', 'PF00861', 'PF00237', 'PF06071', 'TIGR00084', 'PF00276', 'TIGR00019', 'PF01649', 'PF06421', 'PF05697', 'PF00453', 'PF01250', 'PF00318', 'PF02978', 'PF02912', 'PF00623', 'PF02033', 'PF00573'], 'GCN1': ['PF00162', 'PF04563', 'PF01245', 'PF01795', 'PF11987', 'PF13603', 'TIGR02432', 'TIGR00460', 'PF00177', 'TIGR03263', 'PF00164', 'PF01765', 'PF08529', 'TIGR02075', 'TIGR00810', 'PF01195', 'PF00466', 'PF04998', 'TIGR00855', 'TIGR00329', 'TIGR00250', 'PF13184', 'PF04561', 'PF00687', 'PF08459', 'PF05491'], 'GCN2': [], 'marker lineage': 'k__Bacteria', 'GC': 0.4529269556513296, 'GCN4': [], '# scaffolds': 154, 'Completeness': 32.94148380355277, 'GCN3': [], 'GCN5+': [], '# contigs': 154, 'Translation table': 11, '# markers': 104, 'Coding density': 0.9296066325817799, 'Mean contig length': 3671.7597402597403, '# marker sets': 58, 'N50 (contigs)': 3697, '1': 26, '0': 78, '3': 0, '2': 0, 'Longest scaffold': 9288, '4': 0, '5+': 0, 'Contamination': 0.0, '# predicted genes': 605, 'N50 (scaffolds)': 3697, '# ambiguous bases': 0, 'Mean scaffold length': 3671.7597402597403}
DNA_133_bins.19	{'GC std': 0.017272800546731623, '# genomes': 148, 'Genome size': 1772715, 'Longest contig': 78987, 'GCN0': ['PF08617', 'PF03684', 'TIGR03684', 'PF04983', 'TIGR03683', 'PF01282', 'PF01973', 'PF01287', 'PF13685', 'PF00380', 'TIGR02338', 'PF01849', 'TIGR00344', 'TIGR00537', 'TIGR00755', 'PF01201', 'PF00572', 'PF01994', 'PF00297', 'TIGR00419', 'TIGR00289', 'PF03946', 'TIGR01211', 'PF01922', 'TIGR00422', 'PF04472', 'PF00318', 'TIGR00162', 'TIGR01080', 'PF02649', 'PF09249', 'TIGR02237', 'PF01667', 'PF01194', 'TIGR03679', 'PF05000', 'TIGR03677', 'PF00958', 'PF07541', 'PF04032', 'PF01269', 'PF01798', 'PF00181'], 'GCN1': ['TIGR00134', 'PF03439', 'TIGR00442', 'PF01509', 'PF00298', 'PF00177', 'PF00562', 'PF03484', 'PF04019', 'TIGR03685', 'PF00276', 'PF00679', 'PF00832', 'PF01948', 'PF04563', 'TIGR01018', 'PF01198', 'PF02005', 'PF00281', 'TIGR00408', 'PF04997', 'PF08068', 'PF06026', 'TIGR03665', 'TIGR00658', 'TIGR02389', 'PF00623', 'PF00334', 'PF04561', 'PF00411', 'PF01864', 'PF04104', 'PF03950', 'TIGR02153', 'PF00189', 'TIGR00878', 'PF00709', 'PF00416', 'PF00831', 'PF01090', 'PF11987', 'PF00252', 'PF01092', 'TIGR00392', 'PF04565', 'PF00900', 'PF04919', 'PF00673', 'PF01015', 'PF13656', 'PF06418', 'PF00687', 'PF00312', 'PF05221', 'TIGR00270', 'TIGR01162', 'PF00347', 'PF00750', 'PF04566', 'PF01780', 'TIGR00057', 'PF01191', 'TIGR00111', 'PF03719', 'TIGR00468', 'PF01982', 'PF01868', 'TIGR01210', 'TIGR01213', 'PF00410', 'PF00736', 'TIGR00234', 'PF00164', 'TIGR00335', 'TIGR00336', 'TIGR01046', 'PF01193', 'PF05670', 'TIGR00522', 'PF01280', 'TIGR01134', 'PF01200', 'TIGR00064', 'PF00366', 'PF03833', 'TIGR00389', 'PF03947', 'PF04560', 'PF04010', 'TIGR00928', 'PF01940', 'PF02844', 'PF01655', 'PF13507', 'PF09377', 'TIGR02076', 'PF01416', 'PF01000', 'PF01974', 'TIGR01177', 'PF01984', 'TIGR00549', 'PF00827', 'TIGR01736', 'TIGR00670', 'PF01246', 'PF01174', 'PF03764', 'PF04127', 'PF01967', 'PF08069', 'PF01192', 'PF01172', 'PF00861', 'PF08071', 'PF09173', 'PF03874', 'PF05746', 'PF00466', 'PF00327', 'PF00237', 'TIGR00327', 'TIGR00329', 'PF04567', 'PF00203', 'PF01866', 'TIGR00432', 'PF00749', 'PF01912', 'PF01157', 'TIGR03724', 'PF06093', 'TIGR00729', 'PF00752', 'PF00935', 'PF01180', 'PF02748', 'PF01725', 'PF00333', 'PF00238', 'PF03876', 'PF02978', 'PF00573', 'PF00867'], 'GCN2': ['PF01981'], 'marker lineage': 'p__Euryarchaeota', 'GC': 0.6226973879049932, 'GCN4': [], '# scaffolds': 147, 'Completeness': 73.70148448043186, 'GCN3': [], 'GCN5+': [], '# contigs': 147, 'Translation table': 11, '# markers': 188, 'Coding density': 0.9476452785698772, 'Mean contig length': 12059.285714285714, '# marker sets': 125, 'N50 (contigs)': 16925, '1': 144, '0': 43, '3': 0, '2': 1, 'Longest scaffold': 78987, '4': 0, '5+': 0, 'Contamination': 0.8, '# predicted genes': 1568, 'N50 (scaffolds)': 16925, '# ambiguous bases': 0, 'Mean scaffold length': 12059.285714285714}
DNA_133_bins.8	{'GC std': 0.00973766234913515, '# genomes': 350, 'Genome size': 2644257, 'Longest contig': 26290, 'GCN0': ['TIGR02945', 'PF00203', 'PF02882', 'PF00189', 'PF00181', 'PF00121', 'PF01029', 'PF01193', 'PF03947', 'PF13507', 'PF03485', 'PF00276', 'PF06421', 'PF01702', 'PF02033', 'TIGR01980', 'PF03147', 'PF11987', 'PF02699', 'TIGR00020', 'PF07499', 'TIGR00928', 'TIGR02075', 'PF01000', 'PF02021', 'TIGR00036', 'PF01121', 'TIGR00644', 'TIGR00482', 'PF00453', 'PF02938', 'PF02657', 'PF02390', 'PF03950', 'TIGR03302', 'PF01795', 'TIGR02651', 'PF02620', 'TIGR00464', 'PF00825', 'TIGR00479', 'TIGR02350', 'PF04085', 'PF03484', 'PF01196', 'TIGR00539', 'PF00886', 'PF06723', 'PF01195', 'PF00163', 'PF01197', 'TIGR03423', 'PF00237'], 'GCN1': ['PF01509', 'PF00707', 'PF00298', 'TIGR00095', 'PF00035', 'PF06689', 'PF00471', 'TIGR00717', 'PF10150', 'TIGR01934', 'PF00411', 'PF02096', 'PF04552', 'PF01043', 'PF01281', 'PF13393', 'PF01351', 'PF00834', 'TIGR00392', 'PF00312', 'PF11387', 'PF02132', 'TIGR00416', 'TIGR00418', 'PF00366', 'TIGR00326', 'PF00308', 'PF01205', 'PF01765', 'PF01409', 'PF03461', 'PF05190', 'PF05188', 'PF00118', 'PF02130', 'TIGR00389', 'TIGR01394', 'PF04560', 'PF01820', 'PF03331', 'TIGR01085', 'TIGR01087', 'TIGR00360', 'TIGR03723', 'TIGR03725', 'PF14121', 'PF02772', 'PF14123', 'PF02152', 'PF06071', 'PF12864', 'PF07516', 'PF04998', 'PF12627', 'PF12631', 'PF13100', 'TIGR00595', 'PF01250', 'PF02590', 'PF02576', 'PF00318', 'PF06144', 'PF01411', 'PF01018', 'TIGR00499', 'TIGR00611', 'PF00773', 'PF00338', 'PF04997', 'PF04166', 'TIGR01579', 'TIGR01574', 'PF01084', 'PF02224', 'PF04561', 'TIGR01357', 'PF02606', 'PF07478', 'PF00252', 'PF10609', 'TIGR01978', 'PF04565', 'PF02631', 'PF13491', 'PF01220', 'PF10458', 'TIGR01750', 'PF03948', 'PF08501', 'PF00988', 'PF00164', 'TIGR00336', 'PF07497', 'TIGR03594', 'TIGR03598', 'TIGR00634', 'PF14093', 'PF03725', 'TIGR00922', 'PF02844', 'PF01119', 'PF00572', 'PF00750', 'PF00238', 'PF01784', 'PF01746', 'TIGR01510', 'PF00885', 'PF00731', 'PF00466', 'PF02527', 'PF11967', 'PF02580', 'PF07549', 'TIGR00643', 'PF02739', 'PF02618', 'PF09180', 'PF05491', 'PF02912', 'PF09190', 'PF13932', 'PF00154', 'PF00162', 'PF01016', 'PF04563', 'PF01138', 'PF01245', 'PF01580', 'TIGR01830', 'PF03755', 'PF07517', 'TIGR03303', 'PF02355', 'PF00831', 'TIGR00121', 'TIGR00128', 'PF01386', 'TIGR00019', 'PF06418', 'PF00297', 'TIGR01364', 'PF02559', 'TIGR02432', 'TIGR00460', 'PF03120', 'PF03652', 'PF03946', 'PF00542', 'PF01653', 'PF13368', 'PF01513', 'PF08676', 'TIGR00064', 'TIGR00067', 'TIGR01499', 'TIGR01496', 'TIGR01072', 'TIGR01079', 'PF01632', 'PF03726', 'PF00177', 'PF03143', 'PF13167', 'PF02873', 'PF02684', 'TIGR00329', 'PF00687', 'PF01649', 'PF12072', 'PF01134', 'PF00380', 'PF04760', 'PF00623', 'PF12002', 'PF02773', 'PF00406', 'TIGR00445', 'PF00889', 'PF04977', 'PF00253', 'PF04983', 'PF11307', 'PF00677', 'PF02545', 'PF00281', 'PF00673', 'PF01255', 'TIGR00048', 'PF14126', 'PF00562', 'PF01406', 'PF00625', 'TIGR00228', 'TIGR01051', 'TIGR01296', 'PF00416', 'TIGR00536', 'PF05362', 'TIGR01125', 'PF00627', 'TIGR00457', 'PF00830', 'PF00763', 'PF02367', 'PF01668', 'TIGR03346', 'PF01071', 'PF13603', 'PF05000', 'TIGR01059', 'TIGR00054', 'PF01743', 'PF01025', 'PF02591', 'PF01367', 'PF12344', 'TIGR00233', 'PF01434', 'PF08529', 'TIGR01133', 'PF02673', 'TIGR00422', 'TIGR00737', 'TIGR00888', 'TIGR03990', 'PF00344', 'PF14450', 'PF01176', 'PF00829', 'PF08459', 'TIGR00755', 'PF05746', 'PF02403', 'PF08340', 'PF00684', 'TIGR02397', 'TIGR00436', 'PF13184', 'PF10396', 'TIGR01082', 'PF10385', 'PF04468', 'PF05697', 'PF02843', 'PF01725', 'PF02978', 'PF00573'], 'GCN2': ['PF04963', 'PF00709', 'PF03840', 'PF01264', 'PF03719', 'PF00347', 'PF00828', 'PF00861', 'PF01330', 'PF03989', 'PF01687', 'TIGR00444', 'PF06574', 'PF00333', 'PF00410'], 'marker lineage': 'p__Bacteroidetes', 'GC': 0.4208963047086573, 'GCN4': [], '# scaffolds': 406, 'Completeness': 82.60317460317461, 'GCN3': [], 'GCN5+': [], '# contigs': 406, 'Translation table': 11, '# markers': 316, 'Coding density': 0.9359052467290434, 'Mean contig length': 6512.948275862069, '# marker sets': 210, 'N50 (contigs)': 7902, '1': 248, '0': 53, '3': 0, '2': 15, 'Longest scaffold': 26290, '4': 0, '5+': 0, 'Contamination': 3.4285714285714284, '# predicted genes': 2593, 'N50 (scaffolds)': 7902, '# ambiguous bases': 0, 'Mean scaffold length': 6512.948275862069}
DNA_133_bins.9	{'GC std': 0.010662024799628583, '# genomes': 924, 'Genome size': 1448768, 'Longest contig': 19428, 'GCN0': ['PF00298', 'TIGR00096', 'PF00203', 'PF01196', 'PF00411', 'PF00189', 'TIGR00392', 'PF00181', 'PF00312', 'PF00366', 'PF00177', 'PF01193', 'PF03461', 'PF04560', 'PF03947', 'TIGR03725', 'TIGR01951', 'PF00276', 'PF01250', 'PF00318', 'PF00380', 'TIGR00344', 'PF00252', 'TIGR03594', 'PF05698', 'PF00347', 'PF02357', 'PF00164', 'TIGR00741', 'TIGR00634', 'PF01000', 'PF00572', 'PF00238', 'PF00627', 'PF00861', 'PF00466', 'PF02844', 'PF05491', 'PF00162', 'TIGR00442', 'PF01795', 'PF00831', 'TIGR00019', 'PF00297', 'PF03946', 'PF00338', 'TIGR01079', 'TIGR00855', 'PF00687', 'PF01416', 'TIGR03631', 'PF00889', 'PF00281', 'PF00673', 'PF02934', 'PF00625', 'TIGR00539', 'PF02367', 'PF01668', 'PF01071', 'PF00410', 'PF12344', 'PF00237', 'PF00958', 'PF05697', 'PF00584', 'PF02843', 'PF00573'], 'GCN1': ['TIGR00132', 'PF03602', 'PF01509', 'PF00707', 'PF02075', 'PF01281', 'PF01351', 'PF02132', 'TIGR01162', 'TIGR00419', 'PF03840', 'PF01765', 'TIGR01394', 'PF01264', 'PF01782', 'PF02410', 'PF04563', 'PF13507', 'TIGR03723', 'PF03719', 'PF04998', 'PF06071', 'PF04561', 'PF06421', 'TIGR00593', 'PF02033', 'PF01018', 'PF04997', 'PF13167', 'PF08299', 'PF10609', 'TIGR01978', 'PF04565', 'PF11987', 'PF03948', 'PF00828', 'TIGR00020', 'TIGR02075', 'TIGR01510', 'PF02527', 'PF01121', 'TIGR00329', 'PF11967', 'TIGR00250', 'PF00453', 'PF08459', 'PF01330', 'PF02912', 'PF01016', 'PF01245', 'TIGR00878', 'TIGR00010', 'PF01715', 'PF02565', 'PF03119', 'PF01687', 'PF01632', 'PF03726', 'TIGR00670', 'PF01649', 'PF00623', 'PF03484', 'PF00562', 'PF02686', 'TIGR00963', 'PF01808', 'PF06574', 'PF13603', 'TIGR01059', 'PF00886', 'PF00333', 'PF10385', 'TIGR00234', 'PF08529', 'TIGR01134', 'PF00344', 'PF00829', 'TIGR00755', 'PF02403', 'PF13184', 'PF01709', 'TIGR02012'], 'GCN2': ['PF02130'], 'marker lineage': 'k__Bacteria', 'GC': 0.5208107854397668, 'GCN4': [], '# scaffolds': 324, 'Completeness': 64.74147414741473, 'GCN3': [], 'GCN5+': [], '# contigs': 324, 'Translation table': 11, '# markers': 151, 'Coding density': 0.8857829548968503, 'Mean contig length': 4471.506172839506, '# marker sets': 101, 'N50 (contigs)': 4701, '1': 82, '0': 68, '3': 0, '2': 1, 'Longest scaffold': 19428, '4': 0, '5+': 0, 'Contamination': 0.9900990099009901, '# predicted genes': 1543, 'N50 (scaffolds)': 4701, '# ambiguous bases': 0, 'Mean scaffold length': 4471.506172839506}
DNA_133_bins.2	{'GC std': 0.023275796901250766, '# genomes': 924, 'Genome size': 879004, 'Longest contig': 60079, 'GCN0': ['PF03602', 'PF00707', 'PF00298', 'PF00203', 'PF00189', 'PF01351', 'TIGR00392', 'PF00181', 'TIGR01162', 'PF00366', 'PF03461', 'PF02130', 'PF01264', 'PF03947', 'PF01782', 'PF02410', 'PF13507', 'TIGR03725', 'PF03719', 'PF06071', 'PF01250', 'PF02033', 'PF01018', 'TIGR00344', 'PF00252', 'PF10609', 'TIGR01978', 'PF00347', 'PF00828', 'PF02357', 'TIGR00020', 'TIGR00634', 'TIGR02075', 'PF00238', 'TIGR01510', 'PF00861', 'PF02527', 'PF01121', 'PF11967', 'TIGR00250', 'PF02844', 'PF00453', 'PF02912', 'TIGR00878', 'PF00831', 'PF03946', 'PF01715', 'PF02565', 'TIGR01079', 'PF01632', 'PF03726', 'TIGR00670', 'PF00687', 'PF01416', 'PF00281', 'PF00673', 'PF01808', 'PF02934', 'PF06574', 'TIGR00539', 'PF01668', 'PF01071', 'PF00886', 'PF00333', 'PF00410', 'TIGR01134', 'TIGR00755', 'PF00237', 'PF00958', 'PF00584', 'PF02843', 'TIGR02012'], 'GCN1': ['TIGR00132', 'TIGR00096', 'PF01196', 'PF00411', 'PF02075', 'PF01281', 'PF00312', 'PF02132', 'TIGR00419', 'PF03840', 'PF00177', 'PF01193', 'PF01765', 'TIGR01394', 'PF04560', 'PF04563', 'TIGR03723', 'TIGR01951', 'PF04998', 'PF00276', 'PF04561', 'PF06421', 'TIGR00593', 'PF00318', 'PF04997', 'PF00380', 'PF13167', 'PF08299', 'TIGR03594', 'PF04565', 'PF11987', 'PF05698', 'PF00164', 'TIGR00741', 'PF01000', 'PF00572', 'PF00627', 'PF00466', 'TIGR00329', 'PF08459', 'PF01330', 'PF05491', 'PF00162', 'PF01016', 'TIGR00442', 'PF01245', 'PF01795', 'TIGR00019', 'TIGR00010', 'PF00297', 'PF00338', 'PF03119', 'PF01687', 'TIGR00855', 'PF01649', 'PF00623', 'TIGR03631', 'PF00889', 'PF03484', 'PF00562', 'PF02686', 'TIGR00963', 'PF00625', 'PF02367', 'PF13603', 'TIGR01059', 'PF10385', 'PF12344', 'TIGR00234', 'PF08529', 'PF00344', 'PF00829', 'PF02403', 'PF13184', 'PF01709', 'PF05697', 'PF00573'], 'GCN2': ['PF01509', 'PF03948'], 'marker lineage': 'k__Bacteria', 'GC': 0.5212706654349696, 'GCN4': [], '# scaffolds': 75, 'Completeness': 52.74527452745274, 'GCN3': [], 'GCN5+': [], '# contigs': 75, 'Translation table': 11, '# markers': 151, 'Coding density': 0.910283684715883, 'Mean contig length': 11720.053333333333, '# marker sets': 101, 'N50 (contigs)': 21384, '1': 77, '0': 72, '3': 0, '2': 2, 'Longest scaffold': 60079, '4': 0, '5+': 0, 'Contamination': 1.4851485148514851, '# predicted genes': 986, 'N50 (scaffolds)': 21384, '# ambiguous bases': 0, 'Mean scaffold length': 11720.053333333333}
DNA_133_bins.3	{'GC std': 0.015790210764663044, '# genomes': 5449, 'Genome size': 952016, 'Longest contig': 45555, 'GCN0': ['PF01509', 'PF00162', 'PF00298', 'PF01018', 'PF00889', 'PF03484', 'PF04983', 'PF01016', 'PF00562', 'PF00338', 'PF04563', 'PF01196', 'PF00281', 'PF00673', 'PF04997', 'PF01245', 'PF10385', 'PF00411', 'PF00189', 'PF01795', 'PF01281', 'PF00416', 'PF00831', 'PF00252', 'TIGR00459', 'TIGR00392', 'PF04565', 'PF00181', 'PF11987', 'PF00312', 'PF03948', 'PF00347', 'PF05000', 'PF00297', 'PF00366', 'TIGR02432', 'TIGR00460', 'PF00177', 'PF00828', 'PF03946', 'PF00886', 'TIGR03263', 'PF00333', 'PF00410', 'PF12344', 'PF00164', 'TIGR00967', 'PF01193', 'PF01765', 'PF01409', 'PF08529', 'PF02130', 'PF03947', 'PF04560', 'TIGR00922', 'TIGR02075', 'PF01000', 'TIGR01079', 'PF01632', 'TIGR03723', 'PF00238', 'PF00203', 'PF01746', 'PF03719', 'PF00829', 'PF00861', 'PF00466', 'PF00237', 'PF04998', 'PF06071', 'TIGR00855', 'TIGR00329', 'TIGR00084', 'PF00276', 'PF13184', 'PF04561', 'PF00687', 'PF01649', 'PF05697', 'PF00453', 'PF01250', 'PF00318', 'PF05491', 'PF02978', 'PF02912', 'PF00623', 'PF02033', 'PF00573'], 'GCN1': ['TIGR00344', 'TIGR00755', 'PF02367', 'PF01668', 'PF13603', 'TIGR03594', 'TIGR00810', 'PF01121', 'PF01195', 'PF00572', 'TIGR00250', 'TIGR00019', 'PF08459'], 'GCN2': ['TIGR00615', 'PF00380', 'PF06421'], 'marker lineage': 'k__Bacteria', 'GC': 0.3923253390699316, 'GCN4': [], '# scaffolds': 149, 'Completeness': 25.862068965517242, 'GCN3': [], 'GCN5+': [], '# contigs': 149, 'Translation table': 11, '# markers': 104, 'Coding density': 0.9651024772692895, 'Mean contig length': 6389.3691275167785, '# marker sets': 58, 'N50 (contigs)': 7964, '1': 13, '0': 88, '3': 0, '2': 3, 'Longest scaffold': 45555, '4': 0, '5+': 0, 'Contamination': 4.310344827586207, '# predicted genes': 1015, 'N50 (scaffolds)': 7964, '# ambiguous bases': 0, 'Mean scaffold length': 6389.3691275167785}
DNA_133_bins.1	{'GC std': 0.011953599540006547, '# genomes': 119, 'Genome size': 2850958, 'Longest contig': 109367, 'GCN0': ['PF00707', 'PF00298', 'TIGR00154', 'TIGR00707', 'PF00177', 'TIGR01890', 'PF02445', 'PF06968', 'PF04560', 'PF01820', 'PF01113', 'PF01782', 'PF04563', 'TIGR00564', 'PF04998', 'PF04376', 'PF13667', 'PF04561', 'TIGR00358', 'PF02542', 'PF04997', 'PF02609', 'TIGR00347', 'PF05198', 'PF04565', 'TIGR03139', 'PF05690', 'TIGR02063', 'PF11898', 'PF05698', 'TIGR03821', 'PF00164', 'TIGR01325', 'TIGR02665', 'TIGR01694', 'TIGR00922', 'TIGR02072', 'PF01746', 'PF01960', 'PF01964', 'PF00466', 'PF05173', 'TIGR01683', 'PF11940', 'PF04377', 'PF00453', 'PF02912', 'PF13288', 'TIGR00260', 'PF01245', 'TIGR00658', 'TIGR00656', 'PF01128', 'PF00764', 'PF03946', 'PF00542', 'PF01632', 'PF02541', 'PF04186', 'PF00687', 'PF02670', 'PF04356', 'PF00623', 'PF07717', 'TIGR00508', 'TIGR00444', 'TIGR00443', 'PF04983', 'PF08206', 'PF00562', 'PF05000', 'PF00886', 'PF10385', 'TIGR01138', 'TIGR00421', 'PF02569', 'PF02401', 'TIGR01455', 'PF08436', 'TIGR00551', 'PF01165', 'TIGR01850', 'PF05697', 'PF00584', 'PF02978'], 'GCN1': ['PF03602', 'PF10410', 'PF01509', 'PF12169', 'TIGR01173', 'TIGR00096', 'PF00035', 'TIGR00547', 'TIGR00544', 'PF04963', 'PF01967', 'TIGR00409', 'PF00091', 'PF00013', 'PF00471', 'TIGR00713', 'PF00742', 'PF00411', 'PF02075', 'PF02096', 'PF04552', 'PF00189', 'PF07991', 'PF02410', 'PF01043', 'TIGR00515', 'PF00709', 'PF01281', 'PF02617', 'PF01351', 'PF00834', 'TIGR00393', 'TIGR00392', 'TIGR00390', 'PF08032', 'PF00181', 'PF00312', 'TIGR00577', 'PF02132', 'TIGR01362', 'TIGR00416', 'PF03872', 'TIGR00418', 'PF04361', 'PF00121', 'TIGR03719', 'PF00366', 'PF03840', 'PF02391', 'TIGR03002', 'PF04351', 'TIGR01942', 'TIGR02449', 'PF04977', 'PF03900', 'PF01193', 'PF01765', 'PF01409', 'PF03461', 'PF00830', 'PF05188', 'PF01256', 'PF00183', 'PF10369', 'PF02130', 'TIGR01394', 'PF01264', 'TIGR01391', 'PF03947', 'PF02491', 'PF03331', 'TIGR02966', 'TIGR00050', 'TIGR01083', 'TIGR01084', 'TIGR01085', 'TIGR01087', 'PF13507', 'TIGR00566', 'TIGR00563', 'TIGR01379', 'TIGR03723', 'TIGR02639', 'TIGR03725', 'PF00203', 'PF03309', 'TIGR02521', 'PF03719', 'TIGR01951', 'PF03485', 'PF13567', 'PF07516', 'PF00290', 'PF06071', 'PF02618', 'PF01761', 'PF01678', 'TIGR00524', 'PF00276', 'TIGR01418', 'PF03853', 'PF04386', 'PF04380', 'PF06421', 'TIGR00593', 'TIGR00595', 'PF01702', 'PF01250', 'PF01624', 'PF02576', 'PF00318', 'PF02033', 'PF06144', 'TIGR02515', 'TIGR01966', 'PF01018', 'PF04898', 'PF01386', 'PF03899', 'PF00338', 'TIGR01749', 'TIGR01740', 'TIGR01982', 'TIGR00838', 'PF01195', 'TIGR01406', 'PF03147', 'PF04166', 'TIGR02188', 'PF00380', 'PF09312', 'TIGR01574', 'PF04999', 'PF01084', 'PF00334', 'PF02224', 'PF06325', 'TIGR00344', 'PF12631', 'PF00815', 'TIGR02614', 'PF03255', 'PF01142', 'PF00252', 'PF13167', 'PF10609', 'PF02768', 'PF02631', 'PF13491', 'PF01423', 'PF01220', 'PF11987', 'TIGR01750', 'PF03948', 'TIGR00809', 'PF00347', 'PF00902', 'PF00697', 'PF00988', 'TIGR00112', 'PF00828', 'TIGR00020', 'PF02325', 'PF02547', 'PF06750', 'TIGR00336', 'PF07497', 'TIGR03594', 'TIGR03598', 'TIGR00244', 'PF00075', 'PF09157', 'TIGR00634', 'PF04093', 'TIGR01695', 'PF07499', 'TIGR01693', 'TIGR00928', 'PF02844', 'PF08328', 'TIGR02075', 'PF01000', 'PF01119', 'PF00572', 'PF02021', 'PF00750', 'PF00238', 'TIGR01510', 'PF01379', 'PF00861', 'PF00885', 'PF00731', 'TIGR03692', 'PF02527', 'PF13721', 'PF01121', 'TIGR00329', 'PF00398', 'TIGR02673', 'PF02504', 'PF11967', 'TIGR00742', 'PF02580', 'PF01433', 'TIGR01027', 'PF00745', 'TIGR00643', 'TIGR00482', 'PF04350', 'PF02955', 'PF04364', 'PF02965', 'PF08459', 'PF01330', 'PF05491', 'PF02660', 'PF09190', 'TIGR00132', 'PF00490', 'PF13932', 'PF02578', 'PF00162', 'PF02951', 'PF02938', 'PF13090', 'TIGR00007', 'PF03966', 'PF01016', 'PF04052', 'TIGR02795', 'TIGR02796', 'PF01450', 'PF02390', 'TIGR00499', 'PF00309', 'PF08331', 'PF07517', 'PF02767', 'PF08278', 'TIGR03300', 'TIGR03303', 'PF01795', 'PF05195', 'TIGR00878', 'PF00831', 'PF11734', 'TIGR00121', 'TIGR00128', 'TIGR00019', 'PF06418', 'PF07943', 'PF04546', 'PF02464', 'PF00297', 'PF02787', 'PF02559', 'TIGR02432', 'TIGR02433', 'TIGR00460', 'TIGR00462', 'PF00829', 'PF02601', 'PF01472', 'TIGR00682', 'PF00478', 'PF01715', 'PF02091', 'PF07072', 'PF02565', 'PF00186', 'PF01513', 'PF08676', 'PF14334', 'TIGR01499', 'TIGR01496', 'PF00762', 'PF13089', 'PF02674', 'PF00712', 'TIGR00201', 'PF09179', 'TIGR01075', 'TIGR01072', 'TIGR01079', 'PF01687', 'PF02637', 'PF03726', 'TIGR00510', 'TIGR00512', 'PF03652', 'PF01192', 'PF08364', 'TIGR01818', 'TIGR02350', 'PF04085', 'PF00327', 'PF05958', 'TIGR00326', 'PF02167', 'PF02873', 'PF02684', 'PF03799', 'TIGR01670', 'PF00032', 'TIGR00078', 'TIGR01245', 'PF10458', 'PF01649', 'PF00842', 'PF01134', 'PF01416', 'PF04354', 'TIGR00214', 'TIGR01062', 'PF04760', 'PF13335', 'PF01985', 'PF00218', 'TIGR00500', 'PF04362', 'PF02153', 'TIGR00445', 'TIGR00442', 'PF00889', 'PF00253', 'PF03484', 'PF07498', 'TIGR02203', 'TIGR02209', 'PF02686', 'TIGR03317', 'PF12327', 'PF01196', 'PF00281', 'PF00673', 'PF01255', 'TIGR00044', 'TIGR01474', 'PF01808', 'TIGR02800', 'TIGR02802', 'PF01406', 'PF00625', 'PF01218', 'TIGR03533', 'TIGR01059', 'TIGR01051', 'TIGR01055', 'PF06835', 'TIGR01292', 'PF06574', 'TIGR00539', 'TIGR00531', 'TIGR01129', 'PF00627', 'PF05164', 'PF05201', 'PF02367', 'PF01668', 'PF02575', 'TIGR02210', 'TIGR02211', 'TIGR03346', 'TIGR03188', 'PF00475', 'PF02503', 'PF01071', 'PF08478', 'PF13603', 'PF12626', 'TIGR00054', 'PF03979', 'TIGR01462', 'TIGR01464', 'TIGR01356', 'PF05190', 'TIGR00185', 'PF00333', 'PF00410', 'PF04453', 'PF12344', 'TIGR00234', 'TIGR00233', 'PF01027', 'PF00113', 'PF01432', 'PF08529', 'TIGR01133', 'TIGR01134', 'TIGR01135', 'PF00800', 'PF02673', 'PF11808', 'TIGR00420', 'TIGR00422', 'TIGR00064', 'PF00416', 'PF13742', 'TIGR00732', 'TIGR00735', 'PF11638', 'TIGR00884', 'TIGR00888', 'PF12221', 'PF03740', 'PF02223', 'PF03483', 'PF00344', 'PF03710', 'PF14450', 'PF02622', 'PF02620', 'PF01176', 'PF00163', 'PF04127', 'PF09976', 'TIGR03426', 'TIGR03420', 'TIGR03423', 'PF11104', 'PF01783', 'PF03588', 'PF02403', 'PF04390', 'PF00237', 'PF00684', 'TIGR01081', 'TIGR01145', 'TIGR01144', 'PF02590', 'TIGR01143', 'PF07479', 'TIGR00438', 'TIGR00436', 'PF04551', 'PF13184', 'TIGR01854', 'TIGR02393', 'TIGR02392', 'PF10396', 'TIGR01082', 'PF03118', 'PF01210', 'TIGR00987', 'PF02843', 'PF01725', 'PF00573', 'TIGR02012', 'PF02092'], 'GCN2': ['PF01975', 'PF09424', 'PF03772', 'TIGR00171', 'TIGR00170', 'PF13631', 'TIGR00503', 'PF02934', 'PF13484', 'PF01259'], 'marker lineage': 'c__Gammaproteobacteria', 'GC': 0.5741785743599169, 'GCN4': [], '# scaffolds': 137, 'Completeness': 85.70538650799628, 'GCN3': [], 'GCN5+': [], '# contigs': 137, 'Translation table': 11, '# markers': 544, 'Coding density': 0.9270918757835086, 'Mean contig length': 20809.912408759123, '# marker sets': 284, 'N50 (contigs)': 32859, '1': 449, '0': 85, '3': 0, '2': 10, 'Longest scaffold': 109367, '4': 0, '5+': 0, 'Contamination': 2.5528169014084505, '# predicted genes': 2666, 'N50 (scaffolds)': 32859, '# ambiguous bases': 0, 'Mean scaffold length': 20809.912408759123}
DNA_133_bins.6	{'GC std': 0.02305950544214046, '# genomes': 5449, 'Genome size': 5234125, 'Longest contig': 102633, 'GCN0': ['PF13603', 'TIGR00250'], 'GCN1': ['PF01018', 'PF01016', 'PF00189', 'PF00831', 'PF00252', 'TIGR00392', 'PF00366', 'TIGR00922', 'TIGR00810', 'PF00238', 'PF01121', 'PF00829'], 'GCN2': ['PF01509', 'PF00162', 'PF00298', 'PF00889', 'TIGR00615', 'PF03484', 'PF04983', 'PF00562', 'PF00338', 'PF04563', 'PF01196', 'PF00281', 'PF00673', 'PF04997', 'PF00380', 'PF01245', 'PF10385', 'PF00411', 'TIGR00344', 'PF01795', 'PF01281', 'PF00416', 'TIGR00459', 'TIGR00755', 'PF04565', 'PF02367', 'PF01668', 'PF00181', 'PF11987', 'PF00312', 'PF03948', 'PF00347', 'PF05000', 'PF00297', 'TIGR02432', 'PF00177', 'PF00828', 'PF03946', 'PF00886', 'TIGR03263', 'PF00333', 'PF00410', 'PF12344', 'PF00164', 'TIGR00967', 'PF01193', 'PF01765', 'PF01409', 'TIGR03594', 'PF08529', 'PF02130', 'PF03947', 'PF04560', 'TIGR02075', 'PF01000', 'TIGR01079', 'PF01632', 'PF00203', 'PF01746', 'PF01195', 'PF00572', 'PF03719', 'PF00861', 'PF00466', 'PF00237', 'PF04998', 'TIGR00855', 'TIGR00084', 'PF00276', 'PF13184', 'PF04561', 'TIGR00019', 'PF00687', 'PF01649', 'PF00453', 'PF01250', 'PF08459', 'PF00318', 'PF05491', 'PF02978', 'PF02912', 'PF00623', 'PF02033', 'PF00573'], 'marker lineage': 'k__Bacteria', 'GC': 0.4352481073722924, 'GCN4': ['PF05697'], '# scaffolds': 598, 'Completeness': 96.55172413793103, 'GCN3': ['TIGR00460', 'TIGR03723', 'PF06071', 'TIGR00329', 'PF06421'], 'GCN5+': [], '# contigs': 598, 'Translation table': 11, '# markers': 104, 'Coding density': 0.9003598500226877, 'Mean contig length': 8752.717391304348, '# marker sets': 58, 'N50 (contigs)': 11982, '1': 12, '0': 2, '3': 5, '2': 84, 'Longest scaffold': 102633, '4': 1, '5+': 0, 'Contamination': 95.76802507836992, '# predicted genes': 5402, 'N50 (scaffolds)': 11982, '# ambiguous bases': 0, 'Mean scaffold length': 8752.717391304348}
DNA_133_bins.7	{'GC std': 0.018555873665639964, '# genomes': 5449, 'Genome size': 2208877, 'Longest contig': 178969, 'GCN0': ['PF00298', 'PF03484', 'PF04983', 'PF00562', 'PF00338', 'PF04563', 'PF01196', 'PF00281', 'PF00673', 'PF04997', 'PF10385', 'PF00411', 'PF00189', 'TIGR00344', 'PF00416', 'PF00831', 'PF00252', 'PF04565', 'PF00181', 'PF00347', 'PF05000', 'PF00297', 'PF00366', 'PF00177', 'PF00828', 'PF03946', 'PF00333', 'PF00410', 'PF12344', 'PF00164', 'TIGR00967', 'PF01193', 'PF01409', 'TIGR03594', 'PF03947', 'PF04560', 'TIGR00922', 'PF01000', 'TIGR01079', 'PF01632', 'PF00238', 'PF00203', 'PF01195', 'PF03719', 'PF00861', 'PF00466', 'PF00237', 'PF04998', 'TIGR00855', 'PF00276', 'PF04561', 'PF00687', 'PF05697', 'PF00453', 'PF02912', 'PF00623', 'PF00573'], 'GCN1': ['PF01509', 'PF00162', 'PF01018', 'PF00889', 'TIGR00615', 'PF01016', 'PF00380', 'PF01245', 'PF01795', 'PF01281', 'TIGR00459', 'TIGR00755', 'TIGR00392', 'PF02367', 'PF01668', 'PF11987', 'PF00312', 'PF13603', 'PF03948', 'TIGR02432', 'TIGR00460', 'PF00886', 'TIGR03263', 'PF01765', 'PF08529', 'PF02130', 'TIGR02075', 'TIGR00810', 'TIGR03723', 'PF01121', 'PF01746', 'PF00572', 'PF00829', 'PF06071', 'TIGR00329', 'TIGR00084', 'TIGR00250', 'PF13184', 'TIGR00019', 'PF01649', 'PF06421', 'PF01250', 'PF08459', 'PF00318', 'PF05491', 'PF02978', 'PF02033'], 'GCN2': [], 'marker lineage': 'k__Bacteria', 'GC': 0.6099271258653153, 'GCN4': [], '# scaffolds': 34, 'Completeness': 70.6896551724138, 'GCN3': [], 'GCN5+': [], '# contigs': 34, 'Translation table': 11, '# markers': 104, 'Coding density': 0.9062944654681995, 'Mean contig length': 64966.970588235294, '# marker sets': 58, 'N50 (contigs)': 94303, '1': 47, '0': 57, '3': 0, '2': 0, 'Longest scaffold': 178969, '4': 0, '5+': 0, 'Contamination': 0.0, '# predicted genes': 2208, 'N50 (scaffolds)': 94303, '# ambiguous bases': 0, 'Mean scaffold length': 64966.970588235294}
DNA_133_bins.4	{'GC std': 0.012463132452156042, '# genomes': 2993, 'Genome size': 1696973, 'Longest contig': 343433, 'GCN0': ['PF02096', 'PF06071', 'PF12631', 'PF02768', 'PF13932', 'TIGR01063', 'TIGR01059', 'TIGR01133', 'PF10396'], 'GCN1': ['PF01509', 'PF00298', 'PF00203', 'PF00035', 'PF00471', 'PF00411', 'PF02075', 'PF00189', 'PF02410', 'PF01043', 'PF01281', 'TIGR00392', 'PF00312', 'TIGR00575', 'TIGR00418', 'PF00366', 'PF00177', 'PF01193', 'PF01765', 'PF01409', 'PF02130', 'PF04560', 'PF03947', 'TIGR01085', 'TIGR01087', 'TIGR03723', 'PF03719', 'TIGR01951', 'PF03485', 'PF07516', 'PF04998', 'PF00276', 'PF06421', 'TIGR00593', 'TIGR00595', 'PF01250', 'PF00318', 'PF02033', 'PF01018', 'TIGR00615', 'PF00338', 'PF03147', 'PF04997', 'PF01084', 'TIGR00344', 'PF04561', 'PF00252', 'TIGR00755', 'PF04565', 'PF11987', 'PF02699', 'PF03948', 'PF00347', 'PF00828', 'TIGR00020', 'PF00164', 'PF07497', 'TIGR03594', 'TIGR00922', 'TIGR02075', 'PF01000', 'PF00572', 'PF00750', 'PF00238', 'PF01746', 'PF00861', 'PF00466', 'PF01121', 'TIGR00329', 'PF00181', 'PF00453', 'PF08459', 'PF01330', 'PF05491', 'PF02912', 'PF02938', 'PF01016', 'PF04563', 'PF01245', 'PF01795', 'PF00831', 'PF01386', 'TIGR00019', 'PF06418', 'PF01195', 'PF00297', 'TIGR02432', 'TIGR00460', 'PF03946', 'TIGR03263', 'PF00542', 'TIGR00064', 'TIGR01079', 'PF03726', 'TIGR02350', 'PF02873', 'PF00687', 'PF01649', 'PF00380', 'PF04760', 'PF00623', 'TIGR00445', 'TIGR00442', 'PF00889', 'PF00253', 'PF03484', 'PF04983', 'PF01196', 'PF00281', 'PF00673', 'PF00562', 'PF00416', 'PF00627', 'TIGR02397', 'PF00830', 'PF02367', 'PF01668', 'PF13603', 'PF05000', 'PF00886', 'PF00333', 'PF00410', 'PF12344', 'PF08529', 'TIGR00422', 'PF00344', 'PF00163', 'PF00829', 'PF02403', 'PF00237', 'PF00684', 'TIGR00435', 'PF13184', 'PF10385', 'PF05697', 'PF02978', 'PF00573', 'TIGR02012'], 'GCN2': [], 'marker lineage': 'k__Bacteria', 'GC': 0.4081832769289788, 'GCN4': [], '# scaffolds': 17, 'Completeness': 91.20879120879121, 'GCN3': [], 'GCN5+': [], '# contigs': 17, 'Translation table': 11, '# markers': 147, 'Coding density': 0.9603594164432787, 'Mean contig length': 99821.94117647059, '# marker sets': 91, 'N50 (contigs)': 218344, '1': 138, '0': 9, '3': 0, '2': 0, 'Longest scaffold': 343433, '4': 0, '5+': 0, 'Contamination': 0.0, '# predicted genes': 1552, 'N50 (scaffolds)': 218344, '# ambiguous bases': 0, 'Mean scaffold length': 99821.94117647059}
DNA_133_bins.5	{'GC std': 0.025390389356515386, '# genomes': 2921, 'Genome size': 4226961, 'Longest contig': 22703, 'GCN0': ['TIGR00392', 'PF00276', 'PF01765', 'PF01409', 'TIGR01085', 'PF03719', 'TIGR01951', 'PF06071', 'PF12631', 'PF06421', 'PF00338', 'PF03147', 'TIGR00755', 'PF00828', 'PF00164', 'TIGR02075', 'PF01330', 'PF02912', 'PF04563', 'PF00297', 'TIGR03263', 'PF00623', 'PF03484', 'PF04983', 'TIGR01063', 'PF05000', 'PF12344', 'TIGR00064', 'PF02403', 'TIGR00435', 'PF05697', 'PF02978', 'PF00573'], 'GCN1': ['PF00298', 'PF02075', 'PF02096', 'PF00189', 'PF01281', 'PF00181', 'PF00312', 'TIGR00575', 'TIGR00418', 'PF00366', 'PF00177', 'PF02130', 'PF04560', 'PF03947', 'TIGR03723', 'PF00203', 'PF03485', 'PF07516', 'PF04998', 'TIGR00593', 'TIGR00595', 'PF01250', 'PF00318', 'PF02033', 'PF01018', 'PF01386', 'PF04997', 'PF00380', 'PF01084', 'TIGR00344', 'PF04561', 'PF00252', 'PF02768', 'PF04565', 'PF03948', 'PF00347', 'TIGR00020', 'TIGR00922', 'PF00572', 'PF00750', 'PF00238', 'PF01746', 'PF00861', 'PF00466', 'TIGR00329', 'PF00453', 'PF08459', 'PF05491', 'PF13932', 'PF02938', 'PF01016', 'PF01245', 'PF01795', 'PF00831', 'TIGR00615', 'TIGR00019', 'PF06418', 'TIGR02432', 'TIGR00460', 'PF03946', 'TIGR01079', 'PF01687', 'PF01121', 'PF02873', 'PF00687', 'PF01649', 'TIGR00442', 'PF00889', 'PF00253', 'PF00281', 'PF00673', 'PF00562', 'TIGR01059', 'PF06574', 'PF00627', 'PF02367', 'PF13603', 'PF00886', 'PF00333', 'PF10385', 'PF00410', 'PF08529', 'PF00344', 'PF01195', 'PF00829', 'PF00237', 'PF00684', 'PF13184', 'TIGR02397', 'TIGR02012'], 'GCN2': ['PF01509', 'PF00035', 'PF00471', 'PF00411', 'PF02410', 'PF00830', 'PF11987', 'TIGR03594', 'PF01000', 'PF03726', 'TIGR02350', 'PF04760', 'PF01196', 'PF01668', 'PF00416', 'PF00163'], 'marker lineage': 'k__Bacteria', 'GC': 0.6148152301381536, 'GCN4': [], '# scaffolds': 936, 'Completeness': 74.42067736185383, 'GCN3': ['PF01193', 'PF02699', 'PF03652'], 'GCN5+': [], '# contigs': 936, 'Translation table': 11, '# markers': 142, 'Coding density': 0.9093303676092588, 'Mean contig length': 4515.983974358975, '# marker sets': 87, 'N50 (contigs)': 4631, '1': 90, '0': 33, '3': 3, '2': 16, 'Longest scaffold': 22703, '4': 0, '5+': 0, 'Contamination': 17.647058823529413, '# predicted genes': 4048, 'N50 (scaffolds)': 4631, '# ambiguous bases': 0, 'Mean scaffold length': 4515.983974358975}
